ID,Phone Number رقم الهاتف,Company الشركة,latitutde,longitude
76480140,(149)468-0932x85554,FloralWhite,أبو داوود and Sons,25.3555145,-30.429704
48626422,(988)568-9247x1094,LightSteelBlue,آل الشيخ-فصيل,82.489478,174.175674
97837275,001-028-436-6125,DarkMagenta,المهنا-آل العسكري,-4.960621,105.036522
77552211,001-805-550-8648x4501,NavajoWhite,مهنا-كانو,33.919030,-41.360497
22025418,+1-070-501-7831x183,RosyBrown,حنبولي Group,52.7289345,124.435392
72208847,001-417-325-7341x9758,LightGoldenRodYellow,آل بن لافي-العقيل,-78.9401525,-10.676387
08730756,(881)104-5529,SeaShell,"حجار, الراشد and آل معيض",4.340142,-130.564339
83979248,+1-157-384-6235x18445,HoneyDew,"المهنا, آل العسكري and العقيل",76.773341,72.836552
07062902,447-433-4581,DarkRed,"آل معيض, الشايع and حجار",80.760818,-147.476306
23400641,(323)505-6222,Fuchsia,آل صفوان Group,-86.168229,116.594337
13693565,(940)172-1974,Peru,"آل سلطان, أبو داوود and آل محمد بن علي بن جماز",-60.7762795,70.019990
36311101,+1-381-511-9295x7585,Aquamarine,الراشد Ltd,57.739332,-96.707889
48036375,(380)882-3068,DarkKhaki,آل محمد بن علي بن جماز-كانو,-82.566246,-80.905997
38661600,012.664.7122x49739,SeaShell,المغاولة-العجلان,-44.8001575,57.317806
57257556,614.959.5917,DarkMagenta,"آل جعفر, المهنا and فصيل",-87.970476,120.442166
24341998,769.804.9551x041,DarkOliveGreen,المغاولة-المشاولة,-24.078466,65.982862
52423680,+1-154-799-5303x2720,RosyBrown,آل عطفة PLC,82.6121095,-150.437047
52330742,7902073316,Bisque,آل عطفة-آل بن لافي,-70.4464335,-29.441352
70817331,(589)021-2733,Chocolate,آل علي-آل محمد بن علي بن جماز,-49.6703865,-114.822004
83924309,+1-975-046-6593,Cornsilk,"آل سعود, الجابر and أبو داوود",73.522473,-138.043006
21821653,588.873.1893x281,BurlyWood,آل سلطان PLC,-38.062358,-82.728585
53034595,(679)417-7219x20411,Yellow,الشايع-الحجار,-16.102498,139.044628
03512838,767-127-9140,Snow,آل سلطان LLC,-88.682665,35.562733
12196869,(301)821-9207,Beige,الخرافي Inc,-33.5451575,89.266540
93413817,599-201-6862,SeaGreen,"أبو داوود, حجار and آل بن لافي",-57.588860,-141.088286
85012486,382-280-1402x650,SlateBlue,الحكير Inc,78.9867775,-17.176731
42084693,026-295-0891,LightCoral,أبو داوود LLC,6.1633465,-117.967485
85525726,001-611-260-5108x2320,Silver,آل الشيخ-المهنا,-80.273473,-25.750667
60557995,(324)872-4979x23633,PaleGoldenRod,المهيدب Inc,77.9777745,-164.056613
62307697,001-848-180-4738x0031,LightCyan,آل خضير PLC,-62.9618555,-35.505760
61128361,+1-985-494-4643x70722,DarkOliveGreen,"آل جعفر, الدباغ and حجار",-57.8332545,11.414138
79610797,+1-981-444-6869,LightSalmon,بقشان-الجفالي,58.698308,18.166259
60964458,001-909-607-5290x6996,SteelBlue,"الراشد, أبو داوود and آل العسكري",64.721014,66.559570
95955889,+1-939-589-3500x5232,CadetBlue,"حجار, آل معيض and آل محمد بن علي بن جماز",15.8803745,53.880117
99238087,001-468-400-7643x9760,Chartreuse,آل خضير Inc,57.8553355,125.393768
18632019,361-789-5086x39568,Gold,أبو داوود-فصيل,-69.925320,166.663256
78586802,(745)822-2515,SkyBlue,آل بن لافي-آل معيض,0.1400815,102.223864
28385868,720-526-3737x5399,White,آل الشيخ-آل حسين,37.860482,110.435477
58205785,001-135-750-7775x3447,YellowGreen,حنبولي and Sons,-41.1734025,-145.808055
89438497,625-009-5277x558,LightCoral,"آل صفوان, أبو داوود and آل بن لافي",68.373243,62.718227
93661560,7339509007,Sienna,"مهنا, آل عايض and آل خضير",-88.4074755,-6.346494
28912460,988.619.1933x7829,SandyBrown,حجار and Sons,12.1308895,-97.444075
08690142,460.288.3281x649,SteelBlue,أبو داوود-آل معيض,-49.6470415,-18.250051
38129070,106-354-0200x6193,DimGray,حجار Group,-17.3298605,127.251116
02079721,678-973-9982,SlateBlue,آل عواض-آل حسين,42.3741995,94.411262
42638391,802.571.7749x523,DarkSlateBlue,بقشان-الحجار,-20.3852405,-120.479559
96527351,(668)187-8621x250,IndianRed,بن لادن-آل سلطان,-54.9846565,133.172315
33040288,728-167-6732x331,MediumPurple,آل عواض LLC,64.512238,15.051494
66037927,310-555-0666,ForestGreen,"آل سلطان, الخرافي and بقشان",-6.9059105,-15.502269
37480943,001-189-946-0137x79926,Gainsboro,آل الشيخ and Sons,-37.1421985,-70.336114
90600104,430.648.1325x49236,MediumBlue,آل محمد بن علي بن جماز and Sons,-30.360299,-71.594618
08230065,915-603-5044,YellowGreen,"المغاولة, آل حسين and بقشان",30.7341105,126.449320
28657347,(659)555-3458x54759,SkyBlue,"آل بن لافي, أبو داوود and أبو داوود",46.841107,61.647561
98921973,023.742.6402,Orange,آل عايض LLC,-87.162687,-84.245104
44181925,973.229.4341,Beige,الراشد-المهنا,48.719319,-32.393599
28248286,+1-437-054-8065x8078,Fuchsia,بن لادن-المهيدب,2.7516295,73.117170
28539551,2343132135,IndianRed,"الخرافي, آل سعود and الجفالي",51.983156,70.058067
64991047,001-764-903-3713x658,Tan,آل سلطان PLC,81.7191005,34.603156
09917125,155.214.4867x12657,RoyalBlue,فصيل-آل سلطان,-64.943549,134.991257
03626009,001-179-069-6224,DarkBlue,الدباغ-الشايع,67.8895725,101.622349
04292340,354.389.3523,DarkSlateGray,آل بن لافي and Sons,47.621675,-77.637964
96492581,8216888949,AntiqueWhite,"فصيل, آل معيض and آل خضير",-46.158371,-86.362844
58074503,+1-538-628-5376x3203,Cornsilk,"آل خضير, العجلان and كانو",-81.548962,-97.801375
73414278,954.846.9650x532,MidnightBlue,المشاولة Ltd,-6.270493,169.464547
80178224,(992)240-7967x015,Cornsilk,العجلان-أبو داوود,59.6242645,122.776181
01189452,001-124-132-4681x80647,DarkOliveGreen,"شربتلي, أبا الخيل and أبو داوود",-89.196028,-136.370846
73636656,(434)552-2027x666,PaleTurquoise,آل الشيخ PLC,-16.7674305,38.361387
73565161,(954)462-8451,Gold,الخرافي and Sons,-35.3064675,0.749246
57945200,(124)680-5869x0084,MediumBlue,آل قصير-المهنا,42.2811115,75.690620
80038917,(341)706-8548,Orchid,آل سلطان-حنبولي,-76.4353705,-89.776795
49682892,006-051-5216x526,MediumOrchid,المشاولة-آل بن ظافر,-16.7435995,-45.535646
12923465,001-489-080-8898x23449,Brown,آل قصير PLC,-30.240443,157.775824
38251443,525.211.0222x19817,OldLace,آل عايض Ltd,-19.924175,-136.192838
62362153,279-229-5156x82102,LavenderBlush,آل سعود Ltd,-62.0025655,-33.437197
65808054,617-380-6508x136,Fuchsia,الراشد-آل عواض,-77.4701685,167.325168
81791033,001-494-052-6266,MediumAquaMarine,"المشاولة, آل عطفة and الحجار",-14.063892,-142.110746
71619538,001-275-291-3991x903,RoyalBlue,المغاولة PLC,21.109142,-141.771298
88597409,285.463.9144,OrangeRed,آل حسين-آل عواض,57.0063605,-116.677522
48339346,+1-608-548-6460,DarkSeaGreen,"المهنا, كانو and الحجار",-22.487308,59.918665
60840455,8716477392,Blue,"آل حسين, الشايع and آل بن ظافر",37.5077625,131.977100
76425462,(359)832-1596,SlateGray,العليان-آل مقطة,-44.9891865,-69.357309
63470420,001-087-610-3515,Black,"العقيل, العقيل and آل بن لافي",13.381413,-126.377785
23785359,708-348-4254,Fuchsia,"آل بن ظافر, العقيل and بقشان",-70.812043,69.728047
90740169,001-309-339-3403x551,MediumSpringGreen,آل حسين-المغاولة,24.6749665,91.181903
14044281,001-891-654-3057x1479,SlateGray,آل بن لافي Group,-36.1539705,-151.929931
71739076,082.537.3744x646,DarkSlateBlue,"المشاولة, المهنا and فصيل",-61.5335605,-166.558874
76327667,(769)088-7189,SlateBlue,"آل مقطة, آل علي and المشاولة",12.704609,-101.743554
49796780,(282)673-2728,DodgerBlue,آل عطفة-العليان,-25.439405,0.221487
98615841,563-868-3402x564,LawnGreen,الحكير-آل صفوان,28.643148,51.850522
31201056,561-337-4077x827,Beige,"آل عواض, آل العسكري and آل معيض",1.8526695,-144.641590
36118632,6412792125,PapayaWhip,المغاولة PLC,-87.2305805,126.571046
02666310,230-997-9945,DarkOrchid,"آل معيض, فصيل and آل خضير",-21.382898,-148.240904
39009999,190-668-9721,Bisque,كانو Ltd,-22.1703205,36.648171
22875709,+1-470-504-4614x90748,PeachPuff,"أبا الخيل, حنبولي and الجفالي",37.2905595,-59.291923
70837308,376.225.9560x305,LightSteelBlue,المغاولة Inc,65.884144,166.526635
59318460,(716)711-1719,Blue,"حنبولي, آل جعفر and العقيل",4.8106565,-11.558166
80724285,676-260-1423x75669,Silver,"آل محمد بن علي بن جماز, الراشد and المهنا",73.652468,159.085647
39639004,001-647-486-1013,Crimson,"آل بن ظافر, الحكير and حجار",-27.4585945,-27.861810
06011222,491.567.9493x292,Khaki,الخرافي-العليان,53.8133275,-4.515409
51655358,5660192721,SkyBlue,حنبولي-آل بن لافي,-46.7851055,165.083479
38707346,649.770.2706x46762,Teal,كانو-الجابر,14.610422,-144.047519
18989823,(145)804-1803,LightYellow,"الشايع, آل مقطة and مهنا",-58.268240,17.875642
04747475,(994)535-5053,Olive,آل سلطان PLC,39.370216,105.541771
04200567,+1-337-315-3790,Gray,"آل مقطة, آل عواض and حنبولي",-34.9336105,-64.243085
68758639,001-001-748-3560,Peru,بن لادن Group,-79.4316605,-178.508187
11756200,8201606201,Green,آل حسين-المشاولة,-84.362683,81.149598
35457411,001-384-736-3251,MediumSlateBlue,آل رفيع-آل الشيخ,88.369581,63.694480
01856132,(661)365-6688x23673,DarkGreen,الراشد-الخرافي,-67.4730825,-36.101547
86014472,+1-029-533-1488x2197,LightSteelBlue,آل معيض Ltd,58.9330025,107.900497
51765668,842.163.2486x037,Aqua,بن لادن LLC,9.287607,-62.734403
06643256,001-526-315-4618x4467,Coral,آل قصير Ltd,-43.7423495,122.143017
44183769,+1-731-714-2513x8108,DarkSalmon,آل قصير Inc,49.160587,-164.499284
72386804,001-013-572-3025x410,DarkTurquoise,"بقشان, آل رفيع and آل رفيع",69.609856,-29.124693
54838062,030.074.8106,DarkSlateGray,"آل عطفة, آل العسكري and أبو داوود",15.7883525,63.869397
61585294,(681)023-9288,LightSteelBlue,آل سلطان-آل عواض,13.3673675,-124.424108
08888778,+1-734-796-9958,SeaGreen,بقشان-آل بن ظافر,-70.5363265,-108.707423
49589900,001-800-601-7628,LightGoldenRodYellow,"آل علي, آل معيض and المهنا",-74.004582,170.918710
61720343,(574)760-6821,White,"حجار, أبا الخيل and آل عايض",83.8756865,18.583374
33992976,001-310-558-6494x12989,Black,"آل سعود, المغاولة and المشاولة",-75.607240,114.206584
56948639,(378)678-6721,MediumPurple,العقيل and Sons,61.958360,23.064630
84605375,+1-659-170-9581x44367,WhiteSmoke,"آل علي, المغاولة and أبا الخيل",8.610305,179.137167
03649183,001-890-065-8414x9431,Purple,"حنبولي, آل علي and كانو",-70.6189405,119.204498
06862800,(267)403-7156,SeaShell,"بقشان, المشاولة and آل علي",27.0918495,103.882076
62962162,(487)439-2866x391,Pink,الراشد Group,44.7309265,102.189700
11009306,670-447-4528x05773,DarkOrchid,حنبولي LLC,47.164148,134.063964
43975280,594-633-8710x04122,Black,آل صفوان-الدباغ,-59.5987735,68.599770
81968817,(023)594-7865x175,BlueViolet,"آل العسكري, المغاولة and فصيل",64.5620865,-91.726785
69659188,+1-616-172-7978,Tan,آل العسكري-الحكير,66.9307925,148.773166
96716892,+1-611-368-9670x725,LightBlue,آل عايض Group,77.4423555,20.649683
04025580,463-762-6574x8308,Indigo,آل بن لافي PLC,-73.7618665,-65.927983
60683786,3987226462,SlateGray,العجلان Inc,-49.893839,49.663404
03725009,915-166-0423,RoyalBlue,المغاولة Group,-88.790461,110.371378
84414755,002.948.4625x95946,Azure,آل قصير-الراشد,-75.885645,60.631810
60176103,(521)326-7274,Thistle,الدباغ PLC,8.735364,-79.484143
34913840,001-959-953-8244x83416,OrangeRed,آل صفوان-المشاولة,50.835843,-161.700445
87104936,692.429.6787,SkyBlue,الراشد and Sons,13.9103645,106.956982
14499159,001-000-375-0004x25318,Tomato,آل مقطة Ltd,32.382297,171.828277
32599107,001-059-240-6134,Aqua,العقيل-الخرافي,-48.739322,-89.502005
95314761,620-341-1929x7613,DarkOliveGreen,العجلان and Sons,20.9556605,11.912327
13088552,226-471-8478x21988,DarkGreen,آل علي PLC,42.851997,-45.544172
36295821,519-951-5396,PaleGreen,"آل الشيخ, الحكير and آل بن ظافر",58.343365,95.303537
37506926,(994)177-2833x79610,RosyBrown,آل بن لافي Inc,62.693271,19.444105
61250116,295.511.3160,OliveDrab,الشايع Ltd,52.6007025,-147.032136
24928496,+1-499-433-4119,Chocolate,بن لادن Group,-89.246116,-37.854523
59020950,441.933.4982x09560,Coral,آل قصير Group,33.0040345,-69.501676
89957288,783-674-3116,Tomato,"آل العسكري, آل معيض and الدباغ",-67.7813415,-103.199050
80098997,(299)686-0279,LawnGreen,الحكير and Sons,37.1046225,102.089235
89342336,023-984-1979x013,MediumPurple,آل مقطة-آل عايض,-39.615796,-60.428595
31690935,669-491-9543x617,Violet,"آل خضير, آل حسين and آل عايض",16.0028555,99.039559
46562999,+1-273-731-7933x026,SkyBlue,"الحجار, آل الشيخ and شربتلي",58.088685,123.134581
68419363,001-074-650-4590x976,FloralWhite,المهنا Ltd,7.105959,157.248373
90999505,001-051-638-9960x5303,Olive,العقيل-آل علي,42.081328,-93.890627
29230716,(378)036-5840x9696,FireBrick,آل بن لافي-آل عطفة,89.471670,114.115902
09241251,777.973.7341x4150,LightBlue,مهنا and Sons,-65.249057,-83.190405
80396291,9877769570,Cyan,آل بن لافي-العجلان,-35.5686465,155.019071
07905742,(262)619-6153x027,NavajoWhite,الراشد Group,-47.8223175,155.681869
79421867,001-547-937-7687x7749,Fuchsia,الخرافي PLC,-48.988452,152.945920
03054567,413-035-2302,PowderBlue,فصيل PLC,47.549731,-101.379162
67346851,746.623.4683x087,SpringGreen,المشاولة and Sons,23.4718615,142.107472
16188198,264-326-2583x9097,Yellow,آل عطفة-آل سلطان,5.814699,-142.335384
53094698,9627197147,DarkSlateGray,"كانو, الحكير and كانو",24.6172465,-151.849611
02432076,572-962-4960x70104,DarkMagenta,آل العسكري-آل جعفر,-51.7768065,-140.231324
26279756,838-878-6127x8826,WhiteSmoke,آل صفوان Group,66.1505245,-164.798875
40795089,(544)318-3140,DeepSkyBlue,العقيل Inc,26.8529325,129.394484
76502989,(728)693-8209x0524,DarkGray,العجلان and Sons,-24.630104,152.451569
39343970,064.836.5125,MediumOrchid,المهيدب PLC,-77.217038,45.076419
26889733,245.096.8983x268,MediumOrchid,حجار Ltd,-75.838516,-97.412910
03866658,+1-477-279-9987,DarkTurquoise,"حنبولي, المشاولة and فصيل",6.1867785,83.640700
13717155,945-422-1875x15899,Yellow,الجفالي Group,-87.510230,-114.265774
10456330,001-507-365-0988x965,PaleGreen,"بن لادن, آل العسكري and العليان",12.1037575,-160.761753
58678848,001-999-590-8463x95174,Teal,آل مقطة-الراشد,71.799721,87.580112
52266485,+1-852-392-6825x28666,SlateGray,أبا الخيل-أبا الخيل,63.228023,85.329953
56067965,(576)013-6684x8197,Cornsilk,آل الشيخ-الحكير,-44.524796,126.052370
25397949,623.866.0876x04464,LemonChiffon,العجلان and Sons,-78.760878,-44.376769
92277564,009-920-2973x00414,MediumSpringGreen,الخرافي and Sons,45.9518585,-146.647877
84662033,001-186-245-4215x8569,SpringGreen,"الجفالي, حجار and آل جعفر",-43.3054055,-59.792671
79156479,(803)332-8497x863,LightGreen,العليان-أبو داوود,21.766244,32.192540
41500415,133.416.0351x388,OldLace,"آل مقطة, بن لادن and آل بن لافي",-50.752647,95.720409
87562477,+1-040-756-5121,HotPink,الحكير-آل قصير,-77.799824,144.943529
69987748,(904)760-4367x0314,Orange,آل معيض-الراشد,-35.7665955,61.426782
45316524,(740)727-8094,GhostWhite,العقيل-بن لادن,74.750964,114.609154
88710686,312-489-7567x53957,Sienna,"آل مقطة, آل بن ظافر and آل قصير",-77.879691,137.007446
30030800,+1-955-829-5674x804,SeaShell,"آل محمد بن علي بن جماز, آل سلطان and الشايع",12.262708,-0.742568
69274916,+1-905-579-2185x30374,NavajoWhite,آل جعفر Inc,-61.1772455,70.774697
16539983,594-175-2802x21519,DarkSalmon,"آل سعود, العقيل and آل حسين",5.076324,1.024052
26376547,371.922.2855x1848,Aquamarine,المغاولة-المهيدب,59.050448,76.383780
72632697,(797)350-0176x56431,DeepPink,"أبو داوود, المهنا and الشايع",67.6403675,-159.660337
04530404,745-883-9039x3097,SlateBlue,أبا الخيل-أبا الخيل,64.804656,-154.583699
41690543,(100)168-4836,Teal,الشايع-آل حسين,55.5086515,1.857087
33075662,(548)670-0003,Lime,"آل الشيخ, الخرافي and آل عطفة",55.9732425,-69.304078
99606251,+1-586-794-2356x8488,Cyan,آل العسكري LLC,22.0670505,159.186702
94168617,001-946-828-1297x909,Violet,أبا الخيل-الحكير,-33.5932765,50.866548
36552658,(396)565-3467x48409,Black,"المهيدب, بن لادن and فصيل",40.9188685,-141.055820
77708236,001-997-300-0247x4419,Turquoise,حجار-حجار,-77.828809,-103.582734
11852643,(013)527-6618,White,"أبو داوود, حنبولي and المهنا",-53.073261,-166.800161
22402417,(971)270-6108,Coral,"آل محمد بن علي بن جماز, آل بن ظافر and أبو داوود",-72.895060,75.611755
56912845,800-604-2344x20871,PaleGoldenRod,آل صفوان-الحكير,6.387941,-149.509608
94029741,892-146-2077x0722,Crimson,آل عطفة Ltd,-24.7323445,84.639419
00623018,244.109.3678x64121,Moccasin,آل محمد بن علي بن جماز LLC,-70.4783635,-151.732500
36133093,001-674-103-6156x46974,Beige,"الشايع, المهيدب and آل سلطان",-32.026609,-67.063805
87515060,327.468.9697,MediumOrchid,آل العسكري-فصيل,-28.666332,-13.906007
30188174,231.571.2600x671,Brown,"فصيل, شربتلي and آل عطفة",-52.9561025,146.497086
60774866,001-496-134-7642x5973,DarkCyan,"آل محمد بن علي بن جماز, العليان and الحكير",-70.277821,-9.778456
38272806,(242)255-1021,Lime,آل قصير-آل عايض,74.612877,-137.517204
36451821,270.212.2961,DarkBlue,العليان LLC,-74.869910,-149.490380
00197687,031-689-7832x46693,DarkOrchid,الحكير and Sons,-84.118502,61.927816
89773949,(581)080-5397,Turquoise,"حنبولي, الشايع and العجلان",32.655642,114.027816
86442978,001-482-462-9606x478,Turquoise,المغاولة-المهيدب,63.6960095,5.472479
60643667,326.557.5308x0608,OliveDrab,آل رفيع LLC,-27.3339755,-175.774025
69938443,(078)647-1068x627,FireBrick,آل عايض Inc,88.1371675,-106.750491
81988419,275.721.8943,SteelBlue,كانو-أبا الخيل,5.2476445,146.191877
87431575,(195)650-4717,MediumSlateBlue,آل بن ظافر LLC,-32.222220,62.927151
33773391,+1-985-759-4457x36453,Silver,كانو Ltd,-36.8083015,-71.540089
30091290,001-910-110-8792x012,SpringGreen,"آل خضير, المغاولة and آل صفوان",8.1043125,61.647987
93132749,731-312-6558,Blue,بقشان Ltd,-87.5666295,64.438170
85320833,(890)374-8562,YellowGreen,الشايع-آل عايض,-51.7123015,22.992090
11593638,112-839-6035x6252,DodgerBlue,المغاولة-شربتلي,-88.664795,53.275315
73534884,407-290-2730,DarkGray,فصيل LLC,65.862089,-99.883492
04013822,(537)185-7501,Wheat,"المهنا, آل الشيخ and آل صفوان",-39.389460,72.729060
48726528,(161)746-2901x81420,FloralWhite,"الجابر, العليان and آل بن ظافر",-32.222078,-149.313762
22463005,8998514370,WhiteSmoke,آل الشيخ-آل مقطة,-84.645435,76.189241
44279769,871-665-6403x458,DarkViolet,آل معيض-آل حسين,75.476203,-131.918308
21268786,(064)554-1621,Coral,"آل سعود, آل رفيع and آل خضير",42.4401555,-112.919431
76374791,001-346-639-2738x5292,HotPink,"أبو داوود, آل معيض and شربتلي",-25.5358385,50.665909
97020646,001-216-075-5386x9214,Blue,آل معيض PLC,-84.7843565,-77.382072
55041119,490-590-0051x308,PeachPuff,الجفالي-آل عواض,-61.397577,134.635692
15049698,018-996-2735x72370,MediumTurquoise,الجابر Ltd,-30.334178,-30.543267
01471113,001-179-838-2185x424,LemonChiffon,"بن لادن, حجار and الجفالي",66.139805,1.255815
30173637,1379858382,MidnightBlue,"مهنا, حجار and الدباغ",28.3754115,90.599536
60618269,188.391.1494x824,Salmon,"فصيل, العجلان and الخرافي",-30.037331,65.544564
84296986,218-188-6059,Thistle,"آل صفوان, آل عواض and آل جعفر",75.1495255,145.532365
91400390,001-926-644-4796x2740,White,"أبو داوود, آل معيض and الدباغ",22.957993,-8.501072
94651676,2257825897,Gold,"آل بن ظافر, آل مقطة and كانو",86.0574335,-143.078525
49028317,(253)600-8443x479,RoyalBlue,المهيدب Group,48.173190,-29.444678
19672984,1361871168,Chartreuse,آل حسين Group,45.254305,-144.804089
68904876,8201806714,Plum,فصيل-الجابر,31.279909,54.300494
14820878,0607483103,LightYellow,"الراشد, آل بن لافي and آل معيض",88.037124,-49.501049
56296891,(679)741-7946,OrangeRed,"العجلان, حنبولي and آل سعود",-14.2809525,-101.488069
15229113,336.498.3023,SkyBlue,الدباغ Inc,80.9463285,-174.806138
07560941,677.447.9088,LightSalmon,آل خضير LLC,-64.958412,56.999834
64266558,(757)293-1997x443,DarkViolet,بقشان-الجفالي,-67.690520,126.502002
48033879,4513589052,DarkSeaGreen,"شربتلي, آل مقطة and آل جعفر",-49.296123,-19.366702
03715345,(692)545-3718x4485,LightYellow,آل معيض Ltd,40.5997995,90.647387
40039305,1282953200,BlanchedAlmond,الشايع Inc,16.5119655,96.360713
54355453,001-684-886-2113x8022,HotPink,مهنا-المهيدب,74.6313235,137.325143
97305279,562-303-3715,MediumSlateBlue,"آل معيض, الحكير and الدباغ",12.112771,-116.584454
48729536,001-173-480-3006x7468,HoneyDew,آل بن لافي-آل معيض,-65.758507,25.703987
55621830,001-187-307-6734x3245,DimGray,آل صفوان-بقشان,32.7802325,59.205868
82295974,0093182209,OldLace,الراشد-العليان,43.005799,-65.849736
15947079,9320492164,DarkMagenta,"أبا الخيل, آل حسين and أبا الخيل",65.0969445,-133.122909
51128500,(930)421-9312x521,GoldenRod,"المهنا, المشاولة and آل عايض",-18.5203125,-22.802679
71411989,033-478-6645x925,LightGreen,"الجابر, آل قصير and بن لادن",8.753178,-109.744550
40061399,(252)806-6238,Tomato,"الجفالي, أبا الخيل and آل عطفة",-67.180239,-140.544458
30144378,612-722-3119,Blue,"آل عواض, العقيل and الجابر",45.6927575,10.277038
60228451,+1-142-853-8981x437,Tomato,آل عايض PLC,-31.8434965,12.483942
51226664,531-369-5470x1124,DeepPink,آل الشيخ-كانو,36.0397935,-10.993029
78161009,+1-657-685-0603x33552,HoneyDew,فصيل-الجفالي,13.4162875,-97.955970
55760348,001-384-934-9779x6751,SeaGreen,آل معيض-العقيل,-26.9559255,-124.340308
72909300,001-633-085-3969x42369,Aquamarine,الحكير and Sons,16.183405,179.930321
58123256,+1-982-189-1315x8901,DarkTurquoise,آل رفيع LLC,70.081748,170.569584
93252287,662-890-9047x5922,Tomato,فصيل-آل سعود,4.7952095,22.560618
89174630,920-319-7021x146,LightSalmon,آل العسكري-آل الشيخ,-52.661502,-124.562241
68215699,051.742.9971,DarkSalmon,كانو-آل معيض,89.350388,157.635068
59349013,753.571.8904,OliveDrab,"آل بن ظافر, الدباغ and المهنا",-77.9398065,157.625104
36784424,0485002338,Pink,حنبولي Ltd,-26.7560075,69.504292
94136661,8227953299,CornflowerBlue,شربتلي Ltd,-16.0047525,35.308724
35527671,001-504-095-7665x4371,Linen,آل جعفر and Sons,-71.959485,-21.205403
00583862,(091)548-1206,DarkViolet,بقشان and Sons,31.2398225,32.105415
21375156,(459)069-2418,NavajoWhite,الجفالي-شربتلي,-48.437577,128.055404
67481521,648-335-1230,PaleVioletRed,كانو-بن لادن,25.629478,-48.739086
60522917,001-229-882-3291x10781,DarkSeaGreen,آل بن ظافر LLC,10.6550045,18.174075
24086004,829-867-4452x409,SlateBlue,الجفالي-الجفالي,28.773147,-98.806907
16519749,001-120-647-3137,OliveDrab,آل حسين PLC,35.457262,102.378908
25743371,128-293-0922,IndianRed,آل الشيخ LLC,77.0582795,-84.023809
91615664,005.685.5665,WhiteSmoke,آل جعفر-أبو داوود,55.946504,27.022019
08330390,7299744097,PaleVioletRed,آل حسين-المهيدب,-65.556900,-132.484884
07426698,(092)730-2335x67250,Maroon,العليان Inc,46.227977,-61.768438
07889868,+1-183-519-8596x472,DarkRed,حجار and Sons,7.8417305,-21.250697
59914044,+1-910-445-3662x5069,MediumPurple,"مهنا, الحجار and آل صفوان",-86.484178,-157.227308
83864049,(114)465-8517x37369,Brown,الدباغ and Sons,37.506138,-177.326692
88806099,001-533-097-8703,Chocolate,"الجابر, بن لادن and آل العسكري",14.791444,177.164170
95127712,4030994319,Azure,"أبو داوود, آل بن ظافر and حنبولي",-7.204618,-83.491607
44816667,(814)310-8742x341,MediumSlateBlue,آل الشيخ-العجلان,17.4617305,103.301270
40602271,+1-092-598-8976,SteelBlue,أبو داوود-آل معيض,-67.024809,-8.768930
00457484,+1-723-539-5061x43124,Thistle,المهنا-العليان,63.471749,-163.624080
11624783,060.945.8522,Purple,بقشان-كانو,61.3390135,56.282463
40160917,2265100917,FireBrick,"الجابر, آل الشيخ and المهيدب",17.8564965,133.367026
61619135,216.321.7169x651,LavenderBlush,بن لادن and Sons,71.237623,52.614107
29148103,752-006-1783,DarkSeaGreen,"آل عواض, المهيدب and آل حسين",87.0991625,-123.632777
53357670,001-061-486-1852x516,MediumVioletRed,أبو داوود and Sons,-5.6163365,-64.582478
89466001,+1-312-495-9936x101,Plum,آل رفيع-آل بن ظافر,2.1942545,34.005683
80470076,(872)115-5165,MediumAquaMarine,"آل قصير, آل عطفة and آل صفوان",12.8683855,-79.550369
44992491,+1-221-113-0174x30782,DarkSalmon,المشاولة LLC,18.9410825,-7.946336
28400721,9423033279,LemonChiffon,"آل معيض, العقيل and المغاولة",-82.6214715,-47.631405
30800496,5469886504,Blue,آل سعود Ltd,89.214418,-144.811182
70848311,3394013642,MediumSlateBlue,حجار Ltd,28.2521875,90.579308
74625185,331.493.2730,Lime,آل عايض-الدباغ,71.946956,158.499957
23505308,5797528284,MediumPurple,المغاولة LLC,-19.8203805,-8.385257
85381988,805-678-8149x775,CornflowerBlue,حنبولي Inc,61.726686,-150.364812
17428910,+1-840-449-5130x89519,DimGray,"حنبولي, حنبولي and آل سلطان",-5.241391,-29.674815
19615899,918.535.1201x8002,DeepSkyBlue,شربتلي and Sons,-36.866524,110.996943
00979511,010-166-7393x82650,DarkCyan,آل صفوان-آل الشيخ,-79.313168,-121.327952
83264696,771.221.2446,Sienna,"أبو داوود, شربتلي and آل عواض",-43.4935555,-65.989142
33528670,+1-462-924-0479x5578,MediumAquaMarine,آل حسين Inc,19.594942,-22.398686
14922602,(153)673-8638x5726,SeaGreen,الجابر LLC,-74.258436,103.637773
14184871,958.117.2444,OldLace,الشايع Group,-3.465875,-123.878744
49505436,001-569-154-0055x95768,LawnGreen,آل رفيع Inc,-39.800849,26.744124
92315549,916-326-3815x2681,LightGreen,العليان LLC,-40.3550495,-55.788679
36256990,8967573478,Tomato,المهيدب-بقشان,-6.5360245,-66.956093
08727107,001-933-769-5584,Peru,آل معيض-آل صفوان,34.559922,-178.800978
89338285,+1-135-509-9563,IndianRed,"الراشد, الجابر and الحكير",-23.9526065,3.530913
64275925,122-192-1944,MediumSeaGreen,"آل علي, آل جعفر and شربتلي",50.3839945,120.971472
79445290,457.037.0727,GoldenRod,آل خضير-حجار,-24.5900235,104.698035
30654563,(300)805-1478x5272,LightSlateGray,آل رفيع-الحكير,-67.343054,121.733852
17112734,+1-314-997-6772x801,Peru,آل صفوان-أبو داوود,-66.6846025,-134.859569
72976685,+1-418-048-0814,AntiqueWhite,"آل قصير, أبا الخيل and آل الشيخ",35.8096615,28.966766
45484865,048-422-1661,MediumSlateBlue,أبو داوود PLC,51.0626885,132.904799
01719390,(640)620-0129,PeachPuff,آل علي-العجلان,-85.8377085,38.520158
86505413,344.511.1449,Gray,الدباغ Ltd,26.221430,66.140867
76627927,3544095925,PaleGoldenRod,الحكير Inc,76.091342,91.835549
67831197,001-064-870-3958,GhostWhite,"آل عواض, المغاولة and الشايع",-37.9174875,56.789203
62315104,343.297.7492x0058,MediumBlue,الجفالي Inc,65.873632,-40.532089
40722931,001-773-387-7773x69093,ForestGreen,العجلان Group,88.2793115,121.876665
49146028,846-988-0643x49381,SlateGray,"آل بن ظافر, الخرافي and آل عطفة",-60.229142,-125.291757
72754382,779.698.6379,SaddleBrown,العجلان-آل رفيع,-4.052333,122.987065
66759416,319-751-0121x3770,Navy,أبو داوود LLC,-56.365631,-151.885501
56266979,651.112.0888x69382,Bisque,بقشان and Sons,10.0807935,86.238720
44716189,(789)924-3707x6368,DarkGray,"آل معيض, آل عايض and آل خضير",87.7798175,-50.007968
22154156,001-213-265-6532x5682,Black,آل قصير-آل صفوان,13.790802,-35.402003
40692661,+1-205-180-2033,DeepSkyBlue,"مهنا, شربتلي and آل عايض",-40.587746,50.510710
09934979,(945)576-2229,RoyalBlue,مهنا-آل صفوان,79.828198,95.959080
84661807,(412)795-9592x2330,Indigo,"العليان, المغاولة and بقشان",26.6024875,77.923626
92044043,001-333-012-2528,MediumOrchid,فصيل and Sons,-1.4391415,-152.225884
36350704,001-627-122-0956x23759,OrangeRed,آل بن ظافر LLC,-78.279037,-126.303362
57625973,+1-746-726-1984x09765,Snow,"أبا الخيل, الجابر and العجلان",-88.8629655,9.583562
91539014,029.292.9225x477,Coral,آل علي and Sons,-8.1180855,-114.783768
70614640,353.724.7514,Gray,أبو داوود-الجفالي,13.268805,-2.050293
65755525,227.374.3160x78299,LawnGreen,آل حسين PLC,30.6850335,77.495454
55804189,+1-441-954-5159x85767,Fuchsia,العليان-آل علي,4.8948945,-33.734994
99270988,370-771-1904x2295,DarkGreen,"شربتلي, حجار and أبا الخيل",20.821239,-140.293123
37233068,907.971.5943x3256,SandyBrown,حجار LLC,-24.194640,158.543823
66576365,003.364.2774,Teal,"المهيدب, آل خضير and آل جعفر",41.225312,-1.135717
49152678,8774810771,LightBlue,بن لادن-الخرافي,28.704479,-81.690562
87587661,001-277-251-3486,LightSkyBlue,آل علي-آل الشيخ,70.4533865,78.229740
76633973,913-963-5135x0968,White,"شربتلي, آل حسين and آل عطفة",-66.8837445,57.562222
38486814,001-888-850-6299x012,Orange,الراشد-آل سلطان,-21.1629695,45.455534
20066024,001-782-284-1316,LimeGreen,آل معيض-بقشان,-60.0593665,163.729570
07416422,612-724-3760,Lime,"العجلان, العليان and آل معيض",33.0760755,9.602050
04719397,245.805.6129,DarkOliveGreen,آل سعود Group,-35.4880165,119.072735
62212724,387-739-2182x150,DarkGoldenRod,آل قصير-الراشد,83.6212315,97.308528
87448825,(247)875-0943x959,Violet,"آل سلطان, آل محمد بن علي بن جماز and الجفالي",-83.915999,121.140220
03300305,3709243429,LawnGreen,"آل سعود, آل رفيع and الشايع",36.930300,-65.237248
48797160,140-648-5183,Aqua,بقشان-العليان,30.914873,142.025715
43886555,001-276-972-6799x772,Plum,آل رفيع-آل رفيع,0.6086425,96.901416
75656027,722-792-9949x179,WhiteSmoke,"أبا الخيل, فصيل and آل عطفة",-58.8735865,-152.626902
65982983,+1-546-332-6868x657,Khaki,شربتلي Ltd,21.8808885,14.589367
47540729,494-721-2248x0832,DarkSlateBlue,بقشان Ltd,-72.084740,-32.190053
53952998,824.836.4680,LightGray,آل جعفر PLC,-9.338163,105.664386
02845333,(265)099-3548,Tomato,"آل بن ظافر, آل سعود and آل عواض",16.332323,97.365970
47067974,(844)027-2382x124,LavenderBlush,آل صفوان Group,-26.743775,-121.752415
88761060,+1-001-149-9586x633,Crimson,"المهيدب, العليان and الحكير",33.979645,160.241766
54267152,915.599.1112x2574,Silver,"الخرافي, آل خضير and الجفالي",83.3239595,-82.018018
84848406,001-695-980-3032,LightCyan,بقشان-آل رفيع,-30.039552,165.438662
69118364,+1-711-806-5336x52611,DarkKhaki,آل جعفر-آل مقطة,75.7021415,145.419965
86894890,(269)964-0610x300,DarkBlue,حنبولي-آل خضير,37.422421,77.208517
83985027,001-362-701-8517,DeepPink,"آل عطفة, شربتلي and آل سلطان",22.633574,153.662117
64465708,210-215-4780,Khaki,الجابر-شربتلي,8.322546,102.118056
67617258,(106)000-4971x2276,NavajoWhite,"حجار, بن لادن and بقشان",40.3189545,37.697489
39465597,(645)833-6162x595,HoneyDew,"المشاولة, المهيدب and حنبولي",71.6614055,-154.114092
33596518,830.668.0352,Green,آل الشيخ-آل صفوان,30.730536,9.523120
88577074,902-787-0485,OliveDrab,آل سلطان-آل جعفر,-25.3963785,58.158620
58387122,942.139.2119x9186,LightGreen,"بقشان, فصيل and أبا الخيل",88.688155,-88.532705
41907511,450.977.6570,Pink,العجلان-آل سلطان,53.763703,141.573319
45370915,888-388-2883,CornflowerBlue,بقشان Inc,63.389863,171.764085
02199825,(569)402-5265x10900,Ivory,حنبولي LLC,78.3458905,-48.840228
83365201,+1-668-298-0541x822,Teal,أبا الخيل-الراشد,-42.3528755,29.766601
42589662,107-274-9167,Navy,آل رفيع and Sons,-25.391192,-142.044427
33162386,+1-562-635-4227x3237,LightBlue,الجابر Group,70.912643,-53.786180
05872091,(511)792-7231x9656,GoldenRod,آل معيض Group,77.7163915,-32.494228
39254627,766.241.5213x281,SandyBrown,فصيل and Sons,-66.838476,-31.418968
67221158,491.455.7266x061,HoneyDew,آل خضير Group,58.9147575,-24.148085
35027133,432-400-3831,DarkRed,"حنبولي, آل خضير and آل حسين",-43.463919,160.324486
97337300,001-484-528-7020x937,Indigo,بن لادن-فصيل,60.3542445,-126.878013
58569283,557.733.9988x21935,DarkTurquoise,العجلان-آل الشيخ,-60.8184825,98.884251
17067584,(047)658-6926x01051,DeepPink,"آل عواض, أبو داوود and شربتلي",-72.6729475,-97.796767
94241808,0556961062,LightSteelBlue,الجفالي Group,-64.8802705,-106.533553
70322132,522-189-3866x8356,LightGoldenRodYellow,"آل بن لافي, آل بن لافي and آل علي",1.366492,35.895652
70166644,(258)917-6935,HotPink,آل جعفر Ltd,9.472635,95.233926
50851195,001-570-143-8820x635,Khaki,آل خضير Ltd,67.680827,117.173093
51072407,321-088-9695x491,LightSeaGreen,"آل العسكري, الحكير and آل عواض",53.4683725,19.531950
24752374,(048)942-2093,Beige,آل عايض PLC,84.3301655,-131.762536
02148717,(730)564-9142,AliceBlue,"أبو داوود, الجفالي and أبو داوود",3.7892325,-44.446840
94967593,719-881-3398x3563,DarkCyan,الدباغ Ltd,61.0558935,126.265806
13377151,001-024-372-4715x48707,MediumAquaMarine,"الشايع, المغاولة and آل بن لافي",76.516728,-113.220142
61061835,(276)456-6425x8382,GoldenRod,بن لادن-آل علي,-26.002876,-91.767293
82174712,001-135-102-5635,Purple,آل الشيخ Ltd,78.212111,-168.512428
58284568,001-978-762-7829x9015,DarkBlue,المشاولة-آل سلطان,0.907768,-124.541088
89027400,001-872-688-1523x0720,Teal,آل الشيخ Ltd,74.378559,-109.580806
47481473,904.209.8499x00268,Crimson,"آل العسكري, آل معيض and آل عطفة",17.3050415,96.268215
97026518,+1-703-872-7909x1176,DarkRed,"آل محمد بن علي بن جماز, آل سعود and آل جعفر",79.0694405,110.192436
79913430,768-502-6984,Plum,المهنا LLC,2.6220885,-18.047847
29082841,(395)366-5870,PaleGreen,"آل معيض, آل سعود and المهيدب",-74.648939,-100.840403
86102674,001-797-285-2915,LightSalmon,الراشد PLC,34.781828,-46.394627
98476886,(943)844-9125x81122,LightCyan,"الجابر, حجار and فصيل",12.5567715,132.331573
72400159,6044712131,Sienna,"العقيل, العجلان and الخرافي",54.486580,-81.930132
45596520,001-850-766-7226,MediumTurquoise,"آل رفيع, كانو and آل عواض",-11.894264,153.253983
02185309,(154)495-3335x0839,LightYellow,المغاولة LLC,47.0353015,-4.301314
73793991,904-170-1276x4295,MediumSeaGreen,العليان and Sons,52.146577,81.147847
22115119,+1-490-273-2192x9700,MediumPurple,"العقيل, الخرافي and آل سلطان",-23.4106845,-77.698400
58797761,898-363-3098,Olive,الحجار-آل سلطان,-52.652846,-123.639889
73524601,438.449.1114x53719,MediumSlateBlue,فصيل Inc,64.977633,34.064736
22797933,594.344.7644x1618,Yellow,"العقيل, آل رفيع and الحكير",50.7631855,-165.806097
77193308,001-816-127-4789x9969,DarkOrange,أبو داوود-المهيدب,35.8144455,-126.577439
58182901,654.008.4762,Aqua,مهنا Inc,54.7676185,-42.544864
37997328,922.833.8364,LightSkyBlue,"فصيل, أبو داوود and العجلان",31.293939,-63.403792
85818941,001-734-271-4934x8018,Teal,المهنا Inc,22.782215,125.219945
77598950,(551)232-1993,MediumPurple,"آل سلطان, آل عايض and حجار",-38.0796815,-66.983154
17770613,0963546308,SlateGray,حنبولي-الحجار,-73.5679925,75.012522
87438130,(065)974-9615,PowderBlue,آل العسكري-الدباغ,-5.2923145,-103.883112
46167064,585.255.7353x8244,GreenYellow,آل قصير-الخرافي,9.7813575,141.647725
98248612,001-753-880-5807x11015,AliceBlue,"آل قصير, مهنا and آل الشيخ",-89.438775,39.690338
16686366,465-243-9056x93342,Bisque,"آل معيض, مهنا and شربتلي",-85.617318,-103.303897
75228156,001-467-917-4675x993,Orange,"آل معيض, الجابر and آل رفيع",5.2954305,70.476641
00242783,+1-869-068-3030x2898,MintCream,الجفالي Ltd,75.457730,95.127372
76661303,+1-411-324-7675,OliveDrab,"أبا الخيل, الحجار and آل بن ظافر",7.674930,-84.147266
30919037,931-910-6038,Cornsilk,المهنا-الدباغ,80.7939225,112.695491
84593306,001-477-440-4038,Tomato,الخرافي LLC,82.974938,16.655286
56878554,570.269.0876,AliceBlue,العليان and Sons,-41.1733825,89.940844
09261822,001-799-062-0296x55522,Plum,"الحجار, المشاولة and آل مقطة",42.339872,-10.853173
80945772,001-142-257-7751x08312,Tan,آل رفيع Group,-63.303500,30.409248
36345519,+1-650-632-3319x9975,SandyBrown,المغاولة-الشايع,51.7501625,-19.619975
60672612,(322)645-3674,LightCoral,"المهنا, آل خضير and شربتلي",43.115839,36.995541
81248100,153-428-1718x100,MidnightBlue,"شربتلي, المهنا and بن لادن",81.398584,134.337629
54110410,885-040-8845x130,Aquamarine,آل مقطة-شربتلي,12.3726225,-125.678509
84110879,4795779338,Bisque,"آل جعفر, آل رفيع and العقيل",49.412359,-111.324926
51517359,1919181685,LightSteelBlue,"آل قصير, آل سلطان and المهنا",-35.4185995,171.638001
66963028,001-605-565-3822x611,BlueViolet,"العجلان, حنبولي and بقشان",78.7442865,131.989475
47223899,+1-118-363-9795x09120,PaleVioletRed,"الخرافي, مهنا and آل علي",-13.954897,105.645816
80392620,001-776-245-8231,DarkGray,أبو داوود-آل خضير,20.1609585,-38.315522
77625786,+1-819-370-9675x9910,MediumTurquoise,"الحجار, أبا الخيل and المهيدب",17.088305,-55.680003
37746186,1490463671,LightGray,"الخرافي, الحكير and حنبولي",-58.5711545,-51.409523
60068439,001-778-993-1974x375,RosyBrown,"العليان, آل بن ظافر and آل الشيخ",63.856381,16.028702
32330434,(016)736-0864x329,LightBlue,بن لادن-آل بن لافي,-42.6685495,-101.718884
79958509,(526)858-0275x298,Linen,"الجابر, الراشد and أبو داوود",60.537152,42.434744
91414403,(314)908-0570,PapayaWhip,بن لادن-آل حسين,30.560904,78.005023
19277509,038.574.5809,AliceBlue,"أبو داوود, بن لادن and العقيل",8.187552,-21.401101
65231388,(166)782-5819,Beige,آل علي Ltd,7.661577,141.880983
71295404,001-307-286-3645x177,OliveDrab,"آل عايض, الجفالي and المهنا",68.138484,14.563171
72038109,+1-497-051-9603,DarkSalmon,"فصيل, آل رفيع and مهنا",-42.838975,-34.943122
22728494,001-148-600-1395x11661,Crimson,آل العسكري-آل رفيع,-22.526966,136.140760
33253909,030.546.7914x8978,HoneyDew,الحجار-كانو,-18.4486045,11.632427
84422927,001-081-458-7307,SaddleBrown,"حجار, المغاولة and شربتلي",18.3844815,96.531440
92854611,(541)349-0475,DarkCyan,الجفالي-آل علي,88.896840,-87.661375
38253454,069.995.7773x74688,Azure,آل عطفة-أبا الخيل,3.140103,-45.145750
31662123,622.890.8996x35177,LightSkyBlue,"آل حسين, العليان and الجابر",64.7231255,-84.106380
12123469,6365331252,Khaki,"حنبولي, العليان and آل قصير",-15.2988795,-49.663502
00826358,302.398.0664x012,Linen,آل معيض Inc,62.787181,-51.484487
58507254,+1-369-834-6553x413,DarkGray,آل بن لافي Ltd,30.731021,106.170109
00117425,001-870-399-4650x5271,BlanchedAlmond,الراشد-حنبولي,-10.0197755,-171.057328
08689948,(846)820-8262x6399,Aquamarine,المغاولة LLC,-25.371312,78.855059
77149732,729.339.4472,SaddleBrown,آل قصير Group,11.9897245,38.646867
53850294,001-412-578-2987x80696,DarkOrange,المهنا and Sons,-5.668211,16.909890
81728572,0703883187,DeepPink,"آل علي, آل خضير and أبا الخيل",-47.5915785,62.427228
18892468,051-489-5397x6949,LightCyan,أبو داوود and Sons,67.765541,-41.778615
04983859,021-364-7796,LightSkyBlue,فصيل LLC,78.291312,-52.608856
27450666,(120)014-0963,Fuchsia,بن لادن-العجلان,-32.423165,77.383923
89279540,001-426-550-3839x783,AntiqueWhite,بن لادن and Sons,39.007898,116.306231
23532274,159.735.4564,Indigo,"آل بن ظافر, آل العسكري and آل معيض",57.5969465,87.890645
20393809,978.413.2518x075,LemonChiffon,الشايع Ltd,29.9924225,38.500125
39264572,+1-960-230-7991,Bisque,"آل حسين, آل الشيخ and مهنا",73.723874,47.925035
53865014,+1-677-043-9991x75425,FireBrick,أبو داوود-آل عطفة,66.4472815,-73.315121
48107730,+1-472-685-6934x235,Indigo,العجلان-الجفالي,38.4459065,36.877529
04824473,5769312183,DarkCyan,المشاولة PLC,27.7583565,15.490982
54689695,328.316.3626,Cyan,أبو داوود-الراشد,4.164193,-86.281851
35830085,001-922-882-5866x6695,Brown,الراشد Inc,-39.9701725,-88.287686
08445322,001-479-762-3641x20300,LightSeaGreen,آل بن لافي Group,-70.3169915,-18.319472
75787035,5310035296,LightCyan,آل سعود-شربتلي,-82.2713525,-34.851466
10135426,001-213-729-9129x33314,Salmon,"آل عطفة, آل عايض and الجفالي",-48.5910345,-97.096935
19571577,0044093509,Maroon,آل رفيع PLC,26.399869,125.515858
03723593,+1-496-537-3713x1290,DarkKhaki,آل سلطان-حجار,80.264614,-34.885730
70514520,729-623-5649,AntiqueWhite,"آل بن ظافر, آل علي and المهنا",29.817335,36.940397
25949438,631.901.1366,LightGreen,"آل سلطان, آل معيض and آل صفوان",79.226402,-50.850801
99004422,+1-462-693-8788x509,Chartreuse,"آل الشيخ, آل عطفة and العجلان",-22.5166485,-135.495206
18917215,+1-128-336-3022x855,DarkGreen,أبا الخيل LLC,81.678263,32.430739
31073363,307.152.9819x477,DarkOrchid,آل بن لافي-آل مقطة,-21.119307,106.881758
36988228,957-510-7218x59723,Violet,المغاولة-بقشان,-76.9910935,144.805167
90142154,331-203-6936x99290,MediumAquaMarine,"مهنا, آل قصير and أبو داوود",76.617168,-9.024293
80799375,541-846-7544x1388,SlateBlue,آل بن ظافر-آل خضير,-14.2425225,-138.662723
69135880,+1-119-357-3917x401,DarkTurquoise,آل سلطان-الجفالي,21.9971985,13.176197
42206491,4263324385,SlateBlue,"الدباغ, الجفالي and آل مقطة",-21.4819515,12.335624
25785524,(737)116-5451x5641,LightSeaGreen,كانو-آل مقطة,51.818229,-14.761268
80340591,026-114-3741,DarkGoldenRod,شربتلي-آل عايض,-50.678989,165.654833
00704021,546-597-3479x786,PapayaWhip,"العجلان, أبو داوود and حنبولي",-82.616180,-152.531198
64411200,416-676-1789x3185,SpringGreen,آل جعفر LLC,-88.249278,-61.318705
42785743,001-917-477-0291,Blue,"آل بن ظافر, المهيدب and أبو داوود",-62.650983,-17.533057
40227795,(943)009-8786,Silver,"فصيل, آل قصير and آل صفوان",-14.1193635,140.265180
64913841,+1-520-046-6830x9624,GreenYellow,العليان-آل صفوان,-24.3324665,51.284182
63214024,9613767056,ForestGreen,"آل صفوان, الدباغ and حنبولي",-53.320175,19.434004
72890868,001-252-426-7686x3488,DarkSlateBlue,"آل رفيع, آل بن ظافر and آل رفيع",-68.5163525,-92.829053
80074458,+1-530-832-2991x0084,CornflowerBlue,أبو داوود PLC,-18.8628665,176.514631
31478694,119.783.5881,SeaGreen,"بن لادن, مهنا and العليان",-67.263910,-133.023324
11811480,001-349-982-1674x624,AntiqueWhite,"آل جعفر, آل عواض and آل قصير",4.919326,111.426111
18086898,(226)134-1040x7977,OldLace,"مهنا, حنبولي and بقشان",-19.0169235,43.512378
37193911,(661)696-6443x136,MistyRose,"آل عطفة, آل صفوان and الشايع",-78.6945945,-143.734066
30061446,478.933.1948,DarkGray,الشايع-حنبولي,56.8558915,65.429694
92131330,3880210292,Aqua,آل جعفر and Sons,0.415050,135.145849
24861250,+1-917-664-1911,Navy,آل عايض-أبو داوود,68.1400245,-38.935117
91914422,(199)944-3409,LemonChiffon,آل جعفر LLC,64.032545,-165.610873
28668749,+1-090-858-1957,SpringGreen,"آل علي, الخرافي and آل سلطان",-73.789610,-161.474211
75138134,493.570.4993x131,LavenderBlush,"آل مقطة, آل بن لافي and أبو داوود",85.419108,-65.283563
16587434,171-308-1929x7045,RosyBrown,"الخرافي, أبو داوود and آل الشيخ",61.1250935,40.899071
43730032,141.333.5697,LawnGreen,"شربتلي, شربتلي and آل رفيع",-1.1758085,-105.207061
23037496,+1-816-553-7300x972,PowderBlue,المشاولة and Sons,-70.1489685,-40.520583
53981516,001-689-401-2448x16750,MediumAquaMarine,المهنا-آل علي,58.5765975,-31.269493
29893614,001-466-343-8502x53854,Green,آل محمد بن علي بن جماز Group,-22.9417285,131.890288
96976456,774-989-4645x18062,Cornsilk,آل صفوان LLC,79.2795105,-137.883215
30942769,732.658.2279x383,SeaGreen,"آل رفيع, آل بن لافي and الجابر",-44.350316,50.890649
93612753,001-096-579-0913x349,GoldenRod,الخرافي-المهنا,23.6745645,-70.365153
30399099,144-165-4224x8209,Sienna,فصيل Group,51.643673,29.164284
01775952,001-238-855-6252x53971,PeachPuff,الحجار Inc,17.1789845,-67.917567
49953367,706.045.9888,Lavender,المهيدب-الراشد,-21.440712,-110.672160
90458293,307.694.8724x078,Gold,"المهيدب, فصيل and آل عواض",-8.682742,8.928303
55416047,529.172.5217,MediumBlue,"حنبولي, حجار and آل محمد بن علي بن جماز",12.507409,12.710648
45325458,850.121.7594x80071,Thistle,آل عايض Group,37.6550535,-178.067615
03321560,639-127-2630,BlueViolet,الحكير-الراشد,-44.067114,125.612368
83340017,396-000-8699,SlateGray,الدباغ LLC,25.5587405,-98.900552
87081329,001-542-329-7272x739,DodgerBlue,كانو Ltd,-80.8627305,-11.958643
37729875,(059)513-4988x9428,Green,أبا الخيل-آل الشيخ,65.224924,5.006238
24228701,692.536.3765,DarkOliveGreen,"أبو داوود, كانو and مهنا",-6.2760345,88.031872
99425425,747.305.7053x19114,LawnGreen,آل عايض Group,-7.179672,-168.384131
60802538,(606)584-8073x1506,Olive,"الحجار, آل عواض and أبو داوود",10.9068415,15.844142
02560748,277-965-9481,GoldenRod,حنبولي and Sons,-63.354981,-125.817244
76209970,+1-651-698-0295x692,SteelBlue,العجلان Group,-56.1014295,170.352656
99472856,+1-683-338-5331x8050,WhiteSmoke,أبا الخيل-كانو,51.8236015,-26.998230
43399673,960-518-8382,Linen,الجفالي-آل علي,-17.7160255,-2.585015
54522190,001-580-167-6850x094,Navy,الخرافي-بقشان,36.236257,-89.548585
63687637,192-695-1977x932,Cyan,"الجابر, آل معيض and المهيدب",31.159642,79.442443
97000365,690.509.4998x6683,Green,بن لادن Group,41.312679,2.686329
90133176,+1-877-697-2518x713,LightCoral,آل جعفر LLC,77.624789,104.350947
37357313,+1-048-905-3116x004,LightSkyBlue,آل بن لافي and Sons,30.2189265,106.557283
65593158,001-339-360-9293x573,LightPink,آل قصير-آل معيض,-34.874483,-91.180158
10469118,148-620-3436,Plum,آل مقطة-حجار,-16.0759095,-45.702808
79042703,675-893-3112,PapayaWhip,"العليان, الجفالي and الحجار",1.8444555,36.412546
33963570,(034)196-2236x260,Tan,المهنا-آل مقطة,-52.1817055,2.660809
00331951,001-170-648-8697x1275,LightSlateGray,أبو داوود and Sons,-7.969314,-166.153598
10985045,(053)009-6736x204,SeaShell,آل مقطة-آل العسكري,31.600194,-88.934928
97616597,334-739-0594x357,BurlyWood,حجار PLC,19.133615,102.191223
34683040,+1-770-015-3468,MediumAquaMarine,"آل رفيع, آل سلطان and آل محمد بن علي بن جماز",28.8195635,130.045397
20535780,424-644-8332x6364,LightCyan,آل مقطة Group,3.9273995,-142.710645
57735047,061-879-8557x10274,Magenta,"المهنا, آل الشيخ and العجلان",65.4354155,36.892749
11904809,0883131251,MediumSpringGreen,آل عطفة-العجلان,-24.456867,-104.739607
97951551,029-278-4399x077,Aquamarine,كانو-آل سلطان,71.2100065,-88.832318
70240115,+1-667-914-4970x06873,SeaShell,"آل سلطان, الجفالي and الحكير",21.972143,152.069924
95523750,(440)905-6090x5676,Green,الدباغ Ltd,19.812994,174.280513
83111808,244.372.9326x124,CornflowerBlue,أبو داوود-آل محمد بن علي بن جماز,85.7387945,122.770945
69814235,259-751-6682x02266,OldLace,العقيل LLC,83.640836,93.023703
93140515,001-521-109-3402x8591,Sienna,العجلان-العليان,-33.1835825,15.281390
49484786,759-783-0740x656,MidnightBlue,آل علي-المشاولة,-85.5385465,-70.216353
72437728,130-735-2792x905,BurlyWood,"آل بن لافي, العليان and العقيل",54.0759205,69.095938
02819327,001-391-013-0285x19492,SeaShell,العقيل PLC,4.5340975,56.560998
57973371,8314587587,Chocolate,"آل الشيخ, آل سعود and آل عطفة",-44.4786805,-111.210236
20331450,001-623-949-4468x1016,BlanchedAlmond,"آل جعفر, مهنا and أبا الخيل",-55.564438,156.788954
78735224,001-263-894-5858x195,Violet,آل العسكري-الشايع,-56.826812,-73.967685
86378147,001-166-565-0091x9558,Chartreuse,"بن لادن, آل بن لافي and العجلان",58.497659,71.228284
57930343,387-956-3747,LimeGreen,حنبولي Group,-39.1684725,177.394521
16022485,001-806-925-5021x71503,MediumTurquoise,آل العسكري Group,-3.991574,-61.374907
47386532,080-332-6348x367,Ivory,آل الشيخ and Sons,-6.4457955,-96.964196
36769766,001-892-533-8370x591,MediumOrchid,فصيل LLC,-49.558753,-72.155461
50728176,001-048-737-8333x910,Teal,آل قصير-آل قصير,56.439116,34.584024
22576262,(861)264-7639,MediumOrchid,"العقيل, المغاولة and آل بن لافي",-76.7271595,-145.583953
07592577,577.624.6554,LimeGreen,"الجابر, آل مقطة and الجفالي",-50.975730,159.523932
02618098,867.632.6538x0861,LightGray,فصيل-حنبولي,-89.250448,-88.212154
24771276,001-397-101-4892x6563,SandyBrown,العليان Inc,81.875517,1.225076
97622185,001-298-879-3449,LightCyan,"آل عايض, آل عواض and آل بن ظافر",-55.977180,79.769155
95924793,001-281-877-9044x742,Snow,"آل خضير, كانو and الخرافي",-60.8724575,66.366065
95301051,+1-381-527-2205x96834,RosyBrown,بن لادن-أبو داوود,29.013275,-160.850638
57755519,625.790.3333x4800,DarkTurquoise,الدباغ Ltd,38.0683215,-68.089496
91293794,+1-527-641-2571x6676,LightSkyBlue,العقيل Inc,-45.8555125,31.626846
16962729,(404)848-6753,GreenYellow,آل رفيع PLC,-3.899048,-84.550381
78188952,+1-170-499-2311x221,WhiteSmoke,آل خضير Ltd,48.295898,-65.095496
29669424,308.869.3920,LightGray,بن لادن-العجلان,55.536365,-37.537524
79451451,616-047-6021,Chocolate,بن لادن-بقشان,25.560823,-12.956691
31625555,(950)883-0626x19514,PowderBlue,آل قصير-العقيل,38.810379,95.455322
87770063,717.854.1416x00694,Orange,"شربتلي, آل خضير and فصيل",2.042176,7.428731
66504900,+1-979-927-6868x35734,SteelBlue,العليان-العقيل,-11.961758,-67.432128
97843740,(565)345-3819x1145,Violet,العجلان-الجابر,52.572848,-24.251157
40102139,001-655-705-2351,Magenta,المشاولة Group,-61.153140,125.791369
31921114,290.246.7523x4484,OrangeRed,"بقشان, العليان and آل عواض",-20.6673305,130.256302
32007763,715-758-2350,FloralWhite,آل قصير-آل علي,41.283467,32.943343
02816333,(251)619-3731x921,DarkGoldenRod,آل خضير and Sons,46.7169185,-174.312607
50585472,+1-724-978-4723x78255,DarkSalmon,آل مقطة Inc,-6.905833,-59.208594
74917389,(350)618-5512x485,SpringGreen,العليان-آل سعود,-51.1986995,71.191444
63308013,+1-624-731-1531x46327,LemonChiffon,مهنا-الجفالي,-28.7131525,172.026614
89454961,001-560-774-1174x315,Cyan,كانو Ltd,-62.314908,126.687719
79726986,001-175-212-7679x0218,DarkSeaGreen,العليان-آل عطفة,11.771738,137.450892
86878401,506-985-6860x157,PaleVioletRed,آل خضير and Sons,0.567546,-18.811224
86592420,901.546.5799,Tan,"أبا الخيل, آل محمد بن علي بن جماز and العليان",60.721961,66.080761
44784300,729-026-9003x897,Moccasin,"الحجار, آل صفوان and آل عايض",-83.296153,153.458216
89548585,+1-535-322-7342x4297,DarkSalmon,"آل حسين, آل سعود and حنبولي",-15.504901,63.678039
29976577,+1-953-552-0969x380,Red,"الجفالي, كانو and آل صفوان",30.934077,82.003771
74235605,529-934-8307,GreenYellow,"حجار, شربتلي and أبا الخيل",-13.9520365,-82.319734
03063415,+1-463-013-8515,Linen,"المهيدب, آل العسكري and الجابر",1.141697,175.096515
33339337,422.127.3730,Peru,العليان LLC,-66.224056,148.202956
24756211,5716067277,DarkGreen,"آل خضير, فصيل and العليان",-38.2576535,150.034583
67084753,001-957-324-6712x334,Tan,"آل الشيخ, آل معيض and آل محمد بن علي بن جماز",-68.8764205,111.419137
49751024,127.142.4576x5137,MidnightBlue,"المهنا, أبا الخيل and حجار",34.2559985,141.141038
40575537,(442)214-1590x445,PowderBlue,"أبو داوود, آل عايض and أبا الخيل",-2.6475545,9.853370
22140005,001-422-607-0353x8427,HoneyDew,بن لادن Group,9.794064,12.668158
02866314,+1-487-118-6106x0651,Gainsboro,آل صفوان PLC,-67.1144755,-14.490877
52135361,+1-925-857-1890x9451,Beige,آل مقطة Group,-28.8332145,-90.243799
52290435,+1-237-606-2746x3990,Black,"كانو, آل الشيخ and آل سعود",-77.0440285,-158.477497
64910994,4909564302,DodgerBlue,آل محمد بن علي بن جماز-آل معيض,-12.1650475,101.376828
07222313,(758)250-3384x2604,MintCream,آل عواض Inc,-26.770887,-127.277771
97222897,315.754.0564,Sienna,آل سعود-آل عطفة,-64.328032,-16.626144
84866943,560.794.8924,DarkSeaGreen,"آل صفوان, آل الشيخ and آل بن لافي",87.9642155,-174.616216
12298495,+1-674-017-2699x907,Pink,"الخرافي, آل قصير and آل حسين",-21.968276,50.842924
57676418,418-713-3776,Sienna,"أبو داوود, آل قصير and الجابر",7.770362,-111.059640
82348441,(667)571-5949x8043,LightGreen,مهنا Inc,87.069292,178.783569
22437624,028.301.1749,Brown,"أبا الخيل, أبو داوود and آل رفيع",63.2653145,-34.484862
98605514,001-220-279-1234x7672,MediumAquaMarine,آل عطفة and Sons,42.6657595,-26.771295
86945394,229-961-2326,DarkCyan,آل العسكري Inc,62.2381805,170.744998
34090251,778-475-6021x46325,MediumPurple,آل حسين LLC,-36.5696155,-103.044255
72004463,(626)738-3455,FireBrick,"بن لادن, شربتلي and آل بن ظافر",29.397009,48.199683
57391458,685.964.5762,HotPink,"الخرافي, العجلان and آل صفوان",-57.693817,-37.945316
93768177,190.890.0287,DarkGray,المشاولة-آل معيض,-81.7866925,-47.355450
14974267,001-893-637-0206,Chocolate,الراشد Inc,14.2217065,-31.779154
12154777,001-145-071-3102x477,Salmon,آل عواض Group,36.4774905,38.455285
41268193,216-055-5225,YellowGreen,العليان-فصيل,-89.1163105,56.613511
90512100,(270)846-5968,LimeGreen,"العقيل, آل الشيخ and آل بن لافي",29.920790,-76.190648
80843610,+1-245-734-5546x98783,Gold,آل علي Inc,11.5159835,-16.794047
42231875,9401885109,DarkGray,الخرافي Ltd,-29.273774,-22.006066
29116874,808-005-7681x741,LightGreen,أبا الخيل and Sons,-7.387515,42.208913
05380138,001-268-106-9445x0807,MediumSpringGreen,"الحكير, الدباغ and حجار",8.713711,92.041138
50013685,(668)584-0342,Lavender,آل بن لافي-أبو داوود,-68.6050085,-144.033465
91031716,(769)359-5973x3598,SteelBlue,"آل محمد بن علي بن جماز, آل حسين and بقشان",-80.268553,-8.558246
73671589,(586)653-3583,DarkSalmon,"بقشان, الحكير and آل علي",27.150699,146.639533
00067843,285.540.8215x68070,MistyRose,أبا الخيل PLC,56.7407195,-94.994247
74315574,001-302-950-8171x91366,DarkGray,آل العسكري-آل علي,-13.063803,179.682250
62902663,(290)472-5313x95012,Lime,آل سلطان-الراشد,57.5488295,74.321353
93414036,+1-601-088-3482,SkyBlue,"بقشان, آل مقطة and أبو داوود",30.9483285,-153.676438
24798310,135.076.1939x208,PaleGreen,مهنا-آل محمد بن علي بن جماز,42.0982295,-60.904255
17864633,313-879-2207x619,BlueViolet,"العقيل, آل مقطة and أبو داوود",-77.3233425,-79.721625
29708055,373.270.0249,Maroon,"آل سعود, المهنا and آل محمد بن علي بن جماز",29.7844675,59.650417
42697923,417.494.1438x80444,Bisque,آل معيض-العقيل,-28.565872,31.778438
84848611,001-012-557-3701x63560,ForestGreen,"المغاولة, الحجار and آل رفيع",-70.6576005,60.730137
94207941,(118)007-2284,Pink,آل قصير-الدباغ,71.192238,-160.614224
08736567,001-399-851-2468,DarkSalmon,آل محمد بن علي بن جماز Inc,67.109912,-126.040547
10178775,+1-344-267-9235x98138,FireBrick,آل قصير-الحجار,3.0525505,18.271061
17385046,001-104-519-7380x342,PaleGoldenRod,أبو داوود LLC,59.985032,151.048995
45680120,381.642.0180x9216,PaleGoldenRod,المغاولة PLC,14.722597,-88.125396
32771459,2449834877,LightSteelBlue,"آل علي, آل العسكري and بن لادن",24.992531,112.129302
84059918,+1-564-375-3339x7923,Chartreuse,"آل سعود, آل سلطان and بقشان",24.8641875,29.433961
83078804,001-000-914-7329x7074,SaddleBrown,آل محمد بن علي بن جماز-الخرافي,-35.8083645,58.539871
37938710,+1-115-109-4353x54128,SlateGray,"آل علي, آل معيض and العليان",72.2750725,-36.290476
62826631,662-735-3823,Bisque,الشايع Inc,-77.6059225,98.222791
23311138,+1-075-629-7240x68198,Tan,مهنا-الجابر,35.449797,91.775263
26168180,(986)090-1811x8105,LightSlateGray,آل رفيع Inc,66.551254,113.944299
16682504,453-222-9590x3552,Orchid,حنبولي-الشايع,-63.2400355,82.958404
14717031,535.999.0093,Purple,"المشاولة, الجفالي and كانو",-87.2541805,-79.109203
48129145,(710)001-5196x729,DarkGray,آل خضير Group,22.020703,-86.803743
34112687,144-633-2822,Turquoise,آل حسين-كانو,53.3537675,-23.152681
85055810,+1-808-239-6115x675,DodgerBlue,بن لادن-الحجار,41.1945875,7.626809
12822706,001-086-329-6927x3663,DarkGoldenRod,العليان-المغاولة,78.728103,2.811773
36563968,181.851.9579,SeaGreen,آل جعفر Inc,18.181235,0.292898
81993536,+1-484-701-4995x1481,Snow,"آل علي, حجار and آل عواض",20.5954945,38.279416
28392460,001-475-816-9935x5016,SlateBlue,"العليان, آل العسكري and كانو",-8.089354,69.227826
12624546,495-537-5096,MediumBlue,آل عطفة-آل سلطان,-68.8066645,91.016329
06556815,001-283-748-2667x587,Green,مهنا Inc,29.975939,-141.543466
69657993,+1-029-073-3297,Orchid,الراشد Inc,35.0917265,-167.324742
50711024,001-655-627-1987x51661,OliveDrab,أبا الخيل Inc,3.011308,-6.754020
48288927,+1-434-619-1622x2953,DarkGray,آل قصير-حجار,-0.017753,122.274168
02696485,001-349-723-0357x307,DarkGray,الجفالي PLC,34.9733005,-86.623369
82592943,844.950.2529,Lavender,آل رفيع Ltd,-22.9802735,15.139528
58146149,+1-400-874-3285,Gold,"آل رفيع, أبو داوود and آل عايض",-53.824427,132.272154
42479840,+1-272-233-7084x530,DarkOrange,آل محمد بن علي بن جماز PLC,89.610063,83.531655
71347875,001-124-990-3441x17716,SteelBlue,أبو داوود-بقشان,49.074774,49.374425
44577568,009-189-9842x281,White,الراشد and Sons,8.893726,-15.981563
86219938,8441933466,Ivory,آل حسين-آل خضير,-61.6272205,56.390451
75689902,+1-900-026-5324x370,PaleGoldenRod,أبو داوود-المغاولة,33.4200185,3.298839
99194710,(836)504-7278,MediumTurquoise,العقيل-آل الشيخ,43.8019695,19.305747
90101793,+1-295-883-5442x23891,OliveDrab,"الحجار, كانو and آل العسكري",84.8700835,-138.166193
02953021,001-188-737-7724,PeachPuff,"العليان, أبو داوود and آل الشيخ",24.629227,57.516260
57961163,583-857-3276,Tomato,"الخرافي, المهيدب and حجار",12.532832,2.691947
02218588,001-212-988-2099x62934,DarkBlue,العليان LLC,84.238187,-179.761816
43267170,561-645-3268x8942,SeaGreen,آل عطفة-بن لادن,-48.1878575,128.465057
69857386,+1-544-776-9876x361,MediumSlateBlue,المغاولة-العقيل,-80.4627455,-49.301933
43850020,395-676-0258,Maroon,الشايع LLC,-51.856294,161.183789
48994996,+1-538-497-9522x37033,LightSeaGreen,الجابر-الحكير,-6.140428,150.150474
34304167,+1-537-724-4298x9463,PaleVioletRed,"آل معيض, آل رفيع and آل سعود",50.1741225,47.497997
21667732,537.073.8111,Tan,آل معيض Group,62.138052,92.359439
77966919,507-599-8802x79139,YellowGreen,آل العسكري Inc,72.070986,84.530725
86747530,+1-798-635-3383x2282,Gainsboro,"أبا الخيل, الجفالي and أبو داوود",-16.616868,-160.714093
34159286,089.628.8806x22599,DodgerBlue,"العجلان, الراشد and آل العسكري",-20.001385,143.018157
71999807,(076)043-5482x06450,Lime,"الدباغ, مهنا and العجلان",-53.489827,-31.529809
11271659,076-506-5522x283,Bisque,"آل سعود, حجار and المشاولة",71.7129395,68.034968
89732700,940.352.8442x227,DodgerBlue,أبا الخيل-الراشد,-4.6633785,-121.187237
45903755,013.585.2336x4160,RoyalBlue,مهنا-آل بن ظافر,52.1682365,28.261159
08393821,(689)992-3816,Tan,آل علي-الحكير,-54.748149,99.250007
99230326,+1-038-117-8097,Magenta,آل عطفة Ltd,-62.869434,-86.870392
74735440,(805)577-5595x1765,MediumSeaGreen,"الجفالي, آل الشيخ and آل محمد بن علي بن جماز",-76.6593735,-162.443443
66925521,(080)071-5415x37963,Sienna,المهنا-المهيدب,-29.2393585,48.277581
20546595,+1-076-476-8422x41152,SlateGray,الجفالي LLC,21.037920,165.303004
01635799,5911306100,LightSteelBlue,"آل رفيع, آل صفوان and آل جعفر",39.029344,-35.233673
59018322,782-007-9224x8397,LawnGreen,"الدباغ, العجلان and آل خضير",43.519923,133.916836
83267789,001-469-454-9796x35451,Coral,أبو داوود Inc,-75.040001,-124.069275
47874862,620-833-2177x7653,Brown,"أبو داوود, آل بن ظافر and مهنا",1.683036,-35.791814
89707074,581.997.8776x538,Linen,"المشاولة, حنبولي and حجار",-45.381236,-175.147226
60255778,(777)099-0505,DarkTurquoise,العليان-آل جعفر,-58.342237,21.797442
05272310,+1-651-087-2427x131,DarkMagenta,حنبولي-آل الشيخ,-78.847643,-46.784417
01404814,698.024.9699x822,MistyRose,آل سعود-الجابر,7.2304105,-57.955640
48654012,279.259.3373,Teal,آل معيض-مهنا,88.8045815,32.794481
01189834,(209)735-0440,Navy,كانو Inc,22.0909445,72.377113
28956853,+1-513-758-8931x505,SteelBlue,"آل بن ظافر, أبا الخيل and فصيل",49.193750,80.771409
55678148,+1-638-590-1744x7796,Moccasin,آل معيض-آل محمد بن علي بن جماز,82.595641,-90.697878
10141281,2475621619,OliveDrab,آل حسين PLC,58.687320,-44.514328
16696396,489.742.5642x64702,Olive,"آل بن لافي, آل معيض and العجلان",-25.1304695,69.880596
93277846,191-827-5890x0295,Chocolate,المغاولة-آل الشيخ,37.228401,69.894223
72059463,001-634-034-0263x76905,Red,آل معيض Group,-72.891678,119.412960
29804573,001-274-325-0565,Brown,آل رفيع Inc,-6.0384245,-46.358339
07993398,(860)134-0042,WhiteSmoke,آل عطفة-آل رفيع,60.7975805,40.405606
02830667,9438396997,OldLace,آل عواض-الحجار,35.577631,-136.607293
71263786,(669)241-8605x4562,DeepSkyBlue,الحكير-آل سعود,-76.646948,176.326770
77106452,417-249-3743x511,Red,"آل سلطان, آل عواض and أبا الخيل",-23.5816935,33.194675
12825929,001-014-488-5882,Chocolate,"آل عايض, الشايع and آل قصير",38.3870475,25.714479
24303828,8115919552,LightCoral,المهيدب LLC,-30.825730,140.355062
03223383,505.408.6619x893,OliveDrab,الدباغ-آل سلطان,28.4012045,80.125710
80540458,096-110-0214x6800,AntiqueWhite,كانو-كانو,-13.4556435,-69.140234
92399396,(580)065-0615,DarkTurquoise,كانو Inc,-22.555423,159.471835
23632929,585-217-7635x97181,LavenderBlush,"الجفالي, آل سلطان and الجابر",-40.189347,85.781048
06054946,001-444-872-1555x57060,DarkRed,آل رفيع PLC,-44.175697,-147.224568
74978366,001-512-212-1309x15665,Pink,آل العسكري-الحكير,72.5167855,-85.674555
07861376,(064)980-5306,PapayaWhip,آل قصير-أبو داوود,-57.918449,-147.061388
53531018,7056076546,MintCream,آل عايض Inc,-44.034423,-93.725518
39856586,107.226.0146x654,DarkBlue,"آل بن لافي, أبو داوود and الحجار",86.8047245,140.519918
65855775,531-581-9923x5942,LimeGreen,آل بن لافي-الشايع,32.904069,-162.357411
20392680,(819)019-6298x640,PaleGreen,"آل معيض, آل صفوان and آل محمد بن علي بن جماز",58.9480545,30.120838
67217106,056-217-6789x446,Blue,"آل عواض, شربتلي and حنبولي",79.7355625,49.877982
68367121,+1-096-499-1073x7487,LightSteelBlue,شربتلي-أبو داوود,-19.9735075,-172.167806
81790371,+1-485-194-3987x7147,Bisque,"الجفالي, آل عطفة and حجار",80.974490,6.067761
67137824,142-581-7134,GreenYellow,آل علي-آل سعود,-21.6938985,114.961160
51870676,2424362184,Bisque,آل عطفة Group,33.6241745,147.476437
25304923,(944)009-9270,MediumSpringGreen,"المشاولة, آل محمد بن علي بن جماز and آل بن لافي",-24.121389,-90.767976
92643826,537.617.2640,Azure,شربتلي Group,-52.447091,94.731536
93809313,0801400384,Silver,"آل بن لافي, أبو داوود and آل عطفة",-77.625368,-101.801178
56448047,(887)327-7856x645,RoyalBlue,"الخرافي, حنبولي and آل علي",-15.4897195,68.983789
77305534,882.253.4787x6267,DimGray,المهيدب LLC,72.0061135,109.527523
18910490,(798)883-8188x7318,LightBlue,العقيل Inc,75.976282,78.194174
06700607,001-049-607-8202,SteelBlue,المغاولة Ltd,-82.7734025,-158.205399
64718583,+1-182-037-6826x4656,Beige,"أبو داوود, آل خضير and الخرافي",9.0544395,-139.940806
59075660,+1-377-974-8451x3619,LightSeaGreen,"المشاولة, العقيل and آل عواض",3.0064375,-65.360313
31217880,+1-681-324-4430,Brown,آل سلطان-آل سعود,-4.9286835,3.001059
39141507,+1-121-528-6320x2995,Tomato,مهنا-المشاولة,4.586252,-142.645288
77877666,177-410-8827x9784,Salmon,آل سلطان PLC,-34.883577,143.213732
09061439,(755)145-9155x27268,Cornsilk,آل سلطان LLC,-23.624540,-40.459632
11556732,+1-028-745-8790x097,LavenderBlush,"آل عطفة, آل قصير and الخرافي",-31.1555375,-61.626683
25905915,+1-348-206-9299x867,Teal,الخرافي-الحكير,-38.901086,-148.100113
79590181,796-898-3408,DodgerBlue,الخرافي-الراشد,-87.717796,102.133817
21240201,642-868-7751,DarkViolet,العليان and Sons,-32.8232185,127.060756
85357846,932.131.9975x54685,MediumSeaGreen,آل جعفر Ltd,1.7334435,51.123815
46723901,021.940.1119x925,DarkGray,شربتلي PLC,-48.029870,153.939015
67903221,+1-054-906-5192x2893,DarkKhaki,"الجفالي, العليان and الحجار",33.299785,-166.921144
03535097,+1-445-121-8761,Red,آل بن لافي LLC,-74.729820,-112.249106
15095817,305.010.2622,PaleGoldenRod,آل بن ظافر LLC,-14.434768,-130.311830
43259472,401.390.5422,DarkOrchid,آل بن لافي-الراشد,55.8612805,47.371911
62631570,4638750825,DarkOrange,مهنا Inc,10.9376445,-112.422378
57700151,001-085-617-6628,LightCyan,الجفالي LLC,17.0435145,17.830985
38183218,185.278.0578x26184,Indigo,"أبا الخيل, المهنا and آل حسين",-75.4802915,-145.114646
40496054,387.643.1144x69449,MediumSeaGreen,فصيل Inc,49.1941485,38.364044
95518732,6204176049,MidnightBlue,آل جعفر Group,-4.5498805,-124.291449
82600068,726-949-3353,Red,الراشد-آل رفيع,69.8153045,-110.645221
89184172,001-404-200-3272x0764,DarkViolet,أبو داوود-الجابر,35.805568,93.620261
65736128,+1-177-632-2991x209,Maroon,الحجار-مهنا,-88.4431235,24.067945
17785167,(588)861-1558x14197,LightGray,"آل سلطان, آل رفيع and العليان",57.6983475,9.379669
63617962,9721889328,DarkGoldenRod,"بقشان, الحجار and آل عطفة",1.354582,-77.139566
86376679,4777454697,Indigo,آل عطفة-مهنا,-49.9014325,-31.320033
21736391,(982)557-3783,DarkRed,"المشاولة, آل بن ظافر and الدباغ",9.147154,-179.505415
99152727,+1-609-690-6317x63100,Gold,فصيل PLC,41.634617,-127.035444
87714111,4674363137,Thistle,العليان and Sons,19.392022,-62.706498
97515944,(030)105-7497x1066,PaleGoldenRod,"آل عايض, الحكير and آل بن لافي",-36.6301965,15.299130
13612924,(801)929-2767x01217,Chocolate,آل بن لافي-آل بن لافي,17.4734015,57.691961
78568372,624-867-9015,Lavender,المغاولة-العجلان,9.368961,-33.253708
21511899,975-205-3608x6963,HotPink,"آل الشيخ, بقشان and حنبولي",9.7384415,-37.288119
25905502,795.440.7654,LightCoral,"آل محمد بن علي بن جماز, الحجار and آل عواض",-6.4986905,44.389385
91898630,+1-499-201-2308x8127,OrangeRed,شربتلي-الشايع,65.867613,-79.882160
20200541,(955)734-5406x6760,MistyRose,الدباغ-آل قصير,52.870203,-21.750753
17418058,764.900.5982x77137,Lime,آل معيض LLC,40.388285,-48.417894
27442838,4157537134,SkyBlue,بقشان-آل علي,25.1139505,90.289293
83717703,001-487-574-8685x7020,FloralWhite,بن لادن-الجابر,-31.525924,-110.455541
55048477,917.454.1905x89911,SeaGreen,شربتلي-العجلان,42.903719,-55.832001
33700137,+1-580-155-3114x774,MidnightBlue,كانو-آل جعفر,-2.392049,-57.238554
93408394,930.359.3233,Aquamarine,أبو داوود Inc,-47.059319,7.778788
75764722,+1-913-765-0076x35901,DarkSalmon,الخرافي Group,-81.1859935,-140.733400
47805187,001-742-800-0186x97776,Chocolate,المهيدب-آل محمد بن علي بن جماز,-79.8587005,-160.037568
13519384,7101172732,Tan,"المغاولة, العجلان and بقشان",52.647070,41.399313
69040061,001-571-946-3172x4082,Moccasin,الجفالي Ltd,-68.2976135,77.674227
93147231,(292)162-7381,MistyRose,الراشد-آل علي,74.356809,94.171299
93389990,458.968.7517x4706,DarkSeaGreen,آل رفيع Inc,15.0656955,8.616067
68859206,+1-714-005-8979x7056,Teal,"آل علي, آل محمد بن علي بن جماز and آل خضير",-18.4410245,49.080899
30527461,539-786-2890x3515,Lime,"آل سلطان, الشايع and آل جعفر",-56.539054,-116.538201
80282952,0467436161,PowderBlue,"آل عايض, فصيل and كانو",-26.705515,126.978406
77523730,506.512.8211,Purple,المهنا-آل بن ظافر,80.115906,38.948432
64204765,+1-739-659-9575x7305,DeepSkyBlue,آل العسكري LLC,-40.9292945,2.876268
19075600,001-688-891-9441x0034,Tomato,"آل عواض, آل خضير and آل سلطان",-15.0749975,37.786106
58895610,001-100-942-4921x397,DarkOrchid,أبو داوود and Sons,-69.914298,4.210000
47056374,919-172-3628x36657,Cornsilk,"آل رفيع, آل العسكري and الخرافي",-44.403886,34.931494
32129373,+1-071-459-0590x05408,DarkKhaki,آل عطفة Group,-17.4476095,110.348785
68532734,001-930-156-2636x55142,DarkGreen,الحجار LLC,-46.781304,-154.230526
52628528,(973)343-7819x7807,SpringGreen,آل جعفر-كانو,-67.494555,65.173341
73242369,419.379.5977,Cyan,الشايع-شربتلي,67.555995,6.061536
49796230,(596)494-9104,GhostWhite,مهنا-آل صفوان,76.5560305,-117.569395
53312372,001-185-980-2142x5647,LimeGreen,آل معيض-آل بن ظافر,-43.018263,47.810836
43369003,+1-863-605-7495,YellowGreen,المهنا Inc,-84.014963,-31.282914
01293821,+1-849-941-3080x269,DarkOrchid,"آل حسين, آل عواض and بقشان",11.9853875,50.136697
69132391,001-389-264-2409x93252,BurlyWood,"آل علي, فصيل and العقيل",-48.4040325,-102.284195
91331250,746-374-3231,PaleGoldenRod,"كانو, الشايع and الحجار",7.193035,131.275270
20737658,779-365-4783,LightGray,"الحكير, آل بن لافي and الحكير",40.763772,100.188772
87275285,(180)608-7043,Olive,"آل الشيخ, آل خضير and آل الشيخ",-57.9840155,95.091251
36277544,001-050-084-6870,Magenta,أبو داوود-آل علي,6.697485,-145.149674
20387822,6594997160,MediumSlateBlue,المهنا-آل الشيخ,30.532331,-179.886216
71419572,859-066-7343,Yellow,"الدباغ, العقيل and أبو داوود",-65.3981855,2.080213
62750387,962.589.6706x46048,CadetBlue,آل قصير-أبو داوود,53.888898,-146.527883
09947269,001-039-250-8328x966,Beige,أبو داوود and Sons,18.141861,36.705571
38757884,(067)424-3868x8979,DarkSalmon,آل الشيخ-آل محمد بن علي بن جماز,72.1274135,-65.428652
87274349,890-109-5303x3791,MediumBlue,"المهنا, آل عطفة and حنبولي",-69.508289,132.930605
65165287,+1-408-020-7153x48008,Gold,"آل رفيع, الدباغ and آل قصير",6.0637995,131.650809
94596397,871.096.2067,DimGray,المهيدب-آل قصير,35.214475,54.852232
64227634,674-227-9620,GoldenRod,آل علي-أبا الخيل,-75.209343,-67.420293
83136115,+1-346-894-4673x882,Silver,آل صفوان and Sons,-30.6669325,111.403607
79320351,071.439.7355,Olive,آل عايض PLC,-59.2082335,16.338658
58261729,(944)647-9949x17500,Linen,آل صفوان Inc,55.0771835,-155.870713
19232829,+1-396-642-6279x044,DodgerBlue,العقيل-المهنا,49.232021,123.798323
51969301,783-762-4076x41925,SandyBrown,المشاولة-الدباغ,-55.965352,-74.645093
75294502,001-809-766-6949,LightGreen,المغاولة PLC,34.4070175,142.424090
77887689,485-566-7542,Fuchsia,"آل قصير, آل الشيخ and الدباغ",-41.026675,-176.931191
63241907,497.136.3834x19484,DarkMagenta,"آل العسكري, الحكير and آل علي",32.4126875,90.405697
27354131,480.277.5565x114,LimeGreen,"أبو داوود, آل رفيع and آل جعفر",31.6424365,105.844281
31776813,689.726.5560x572,LightSeaGreen,آل بن ظافر-أبا الخيل,-48.810543,-60.830100
80579748,(181)032-6077x290,SaddleBrown,"شربتلي, آل مقطة and آل عطفة",46.062080,-74.351862
53507945,738-642-7688x28147,White,"المشاولة, آل علي and العجلان",4.7633195,17.248757
25747157,001-101-593-6876x235,DarkBlue,الحكير-أبو داوود,-32.3010505,-177.019161
43614349,+1-161-333-1283x89110,Coral,"أبا الخيل, المهيدب and آل بن لافي",48.752015,132.268109
53519856,711-070-7586x44088,Tomato,"أبا الخيل, آل الشيخ and آل رفيع",-14.023184,-19.203902
82510435,001-013-136-1720x3107,Beige,أبو داوود-آل بن لافي,-46.985664,163.662973
98629305,(465)029-9232x8589,PaleGreen,العقيل-آل عطفة,-65.506463,-11.766878
03538739,001-280-744-5502x977,DodgerBlue,أبو داوود-آل صفوان,-40.277670,97.514854
21204326,+1-858-265-0249x235,LightSalmon,"آل الشيخ, الحجار and آل خضير",20.1639275,98.919042
18895742,001-290-074-4795,BurlyWood,"آل الشيخ, المهيدب and آل حسين",24.5773205,-144.839391
19754741,+1-883-775-4031x22699,Maroon,الشايع Group,54.212620,129.289291
72308486,(343)558-5171,SlateGray,شربتلي PLC,-46.013220,-92.032600
51802738,253-051-6058x367,SkyBlue,فصيل Inc,-63.297138,133.585732
66143345,001-786-026-9811,Purple,كانو-الراشد,-67.909411,145.062560
72712092,400-518-5373,Azure,فصيل-الخرافي,84.5826665,144.619016
41550908,(585)024-6923x38701,LightSkyBlue,الحكير Inc,7.203542,-128.844626
82158439,615-493-6268,Violet,الخرافي-آل علي,-80.0170885,17.229168
69328398,4036805435,BlanchedAlmond,"المهنا, حنبولي and المهنا",-8.5652595,153.984799
07683121,163.581.8122x00854,DodgerBlue,كانو Inc,-33.4630635,-52.952893
89308318,001-597-468-0440,FireBrick,المهيدب and Sons,-29.4921985,-6.500047
17309486,892.863.0840,Black,أبو داوود Inc,63.126512,-158.976223
61466999,8776949619,DarkGoldenRod,"آل حسين, المغاولة and كانو",-9.569008,-41.038166
34552919,744.343.2511x113,DarkKhaki,المغاولة-آل عواض,-82.3916685,-27.545793
41096512,(998)143-4050,MediumSpringGreen,العجلان Inc,69.312681,-94.059289
48487443,001-218-196-9607x54635,White,آل عايض-أبا الخيل,87.2796765,70.102496
14575044,230-825-0789x76965,LawnGreen,"كانو, الدباغ and العجلان",-40.5772695,39.463983
61275959,+1-891-783-6466x15566,Magenta,آل حسين PLC,-51.5294085,65.163186
71708614,565-190-8908x1766,DarkOrange,"حنبولي, المغاولة and الجفالي",9.9884205,-67.618991
10666470,(282)870-4753x86025,DarkGoldenRod,"بن لادن, آل قصير and الجابر",7.506791,-32.279030
62155311,(108)719-1807x5374,HoneyDew,الشايع Ltd,-69.160501,79.266042
88367033,9853933198,DarkGreen,آل سعود-الخرافي,23.3698465,-40.317687
27322475,(074)324-1546,Navy,"آل عواض, الجابر and آل عواض",63.723121,122.023851
21285479,(710)049-4211,Indigo,"آل رفيع, آل العسكري and آل معيض",45.7919385,-79.396435
56474503,001-680-367-3977x8333,Olive,آل عطفة Ltd,-4.365548,-174.333977
41522455,001-562-743-2190x19868,Coral,"آل سعود, الحكير and حنبولي",37.121539,3.440291
03296608,650.661.2346x37207,Snow,الخرافي-آل بن لافي,75.8830065,-155.610512
04957461,+1-505-003-1425,LawnGreen,"آل العسكري, كانو and الجفالي",52.7500555,-74.520876
66179825,001-444-831-6075x26970,PapayaWhip,"آل معيض, فصيل and الحكير",-54.650449,67.356374
45605642,152.913.2112x9500,Teal,أبو داوود Ltd,-80.1094395,108.427553
15165442,032-087-0520x5732,Indigo,آل سلطان LLC,-51.3001955,-168.892614
49531589,(899)771-5456x92497,DarkGreen,"الشايع, آل الشيخ and آل سعود",-54.3026745,-131.315809
78285163,(885)943-4937x0375,DarkBlue,"آل مقطة, المهيدب and الجابر",19.385182,-171.488548
63311204,001-592-639-6587x67440,Red,آل مقطة-آل قصير,-62.245588,-160.521091
25432992,250.325.1356x094,DeepSkyBlue,"أبو داوود, كانو and الجابر",-65.090039,-109.026043
43213382,001-088-559-2872x171,DarkMagenta,فصيل-الراشد,62.599592,25.358761
32479195,(623)257-2005x67854,PaleVioletRed,"أبو داوود, آل الشيخ and حجار",-84.4834325,-128.100381
98950348,726-891-7410,MediumSpringGreen,المشاولة Inc,49.8653955,-107.864697
80724384,195.945.4611x37989,Indigo,"الجابر, آل عطفة and حجار",15.0774515,99.557790
48840668,456.012.3442x607,ForestGreen,"آل العسكري, العليان and آل صفوان",-10.2315455,-27.228977
83965722,968-051-3462x1836,Indigo,آل بن ظافر-العجلان,-57.981413,-10.015025
14022760,001-072-145-7964x5246,IndianRed,آل علي-الدباغ,-55.228913,-79.760118
34603598,001-955-217-4611x8998,Lime,المشاولة LLC,35.3032565,-22.855479
41087954,181-817-4309,GreenYellow,الجفالي-آل بن لافي,-1.699780,-90.769358
90891380,785-157-1024x891,DarkSlateGray,"فصيل, آل الشيخ and آل مقطة",-66.160893,-24.473107
38225352,482.438.9436x682,SeaShell,آل قصير Ltd,37.573179,-149.865140
84042064,253-407-0028x390,DarkSlateBlue,آل بن ظافر-آل سعود,21.963188,-175.340174
66371298,423-025-5121,DarkSlateGray,مهنا Inc,26.699297,60.270160
85827301,044.554.4343,Aqua,المهيدب Ltd,-84.4229445,-21.219152
19880365,+1-862-901-8541,Olive,"آل عواض, آل مقطة and الحكير",-40.580250,14.744853
83350207,720-893-8151x2207,Sienna,أبا الخيل Inc,14.5659995,144.028646
42833352,(099)648-6191x79164,AntiqueWhite,فصيل PLC,10.2056755,-20.833820
88843339,8866535229,MistyRose,"المشاولة, آل قصير and الدباغ",-64.3764785,49.649055
74460731,001-048-601-0006x3621,PaleTurquoise,آل عايض-المغاولة,-23.724275,-13.536093
17025065,965.254.1763x901,MintCream,"الشايع, حنبولي and المشاولة",-66.262858,100.781798
97573906,(800)524-2419,Purple,"الخرافي, بقشان and آل العسكري",68.698113,98.258749
27104552,171-480-7295x9096,SeaGreen,آل حسين-آل بن ظافر,9.5095305,5.508609
11533863,488-474-8738x489,DodgerBlue,"آل عواض, بقشان and المهنا",2.589723,40.399792
88173115,940-442-6780x98505,OliveDrab,"أبو داوود, العجلان and الدباغ",78.063507,-47.669203
12104703,(568)836-6358x83460,MediumOrchid,"كانو, شربتلي and مهنا",-56.387464,125.052912
16286061,001-772-241-4567x614,Chocolate,"الشايع, بقشان and شربتلي",47.9575515,-62.344860
74038183,402-954-3218x68870,LightSlateGray,أبو داوود-الجفالي,20.2584815,72.328458
18401288,(588)045-6859,Yellow,الخرافي Group,-73.6464425,167.734817
17884167,500-705-7913,Tan,"آل محمد بن علي بن جماز, آل معيض and كانو",-78.0971755,133.477941
54084711,558.776.7093x11817,Snow,المهيدب and Sons,49.1521505,-37.063772
82899363,975.148.6953,DarkSeaGreen,آل بن لافي Ltd,-14.167031,-5.894305
45092268,001-896-345-5258,MidnightBlue,المغاولة-آل عطفة,-55.732865,128.398468
29417421,(372)048-3374,Black,"آل سعود, آل جعفر and آل عواض",-76.0825845,-54.750467
72784501,001-965-464-9607x8304,GhostWhite,آل عايض-آل العسكري,-66.369213,72.311181
29773732,235.515.5404x8609,Gray,العجلان-الشايع,-78.1036185,-127.631419
57583136,1095882496,Teal,بن لادن-آل جعفر,-37.1811345,149.959973
10454831,9800911055,DarkTurquoise,"آل عواض, آل صفوان and الدباغ",-44.833499,102.293249
96265840,+1-587-074-4667,Plum,الجابر PLC,2.205652,-130.929306
09032118,+1-658-086-1844x56164,Gainsboro,المهيدب Ltd,52.2389205,99.453926
34539279,524-680-3900x63965,HoneyDew,الحكير-أبو داوود,-19.005913,-3.026114
02286150,978-679-0471x14289,Turquoise,الشايع Ltd,58.1273735,-134.038895
26545691,+1-193-642-3616x1037,SlateBlue,المهنا Ltd,-66.2389985,-53.103478
03826119,070-219-8903x1728,HotPink,الجابر LLC,-27.790001,-38.997702
06005269,170.204.2200x99177,Black,آل بن لافي-آل صفوان,40.695336,-113.333937
24696005,2167911553,Cornsilk,"حنبولي, آل الشيخ and مهنا",43.807954,14.558230
18300192,+1-087-307-2541x48347,SteelBlue,آل العسكري PLC,-4.360514,-157.764333
22559999,338-489-4771,OliveDrab,آل جعفر Ltd,75.6322975,173.520172
09772236,667-518-0562x9056,Khaki,بن لادن-أبو داوود,-19.448029,175.840845
26653204,001-064-927-1016x9100,MediumSeaGreen,"المهنا, المهيدب and أبا الخيل",-86.4585185,55.163535
56323771,(303)528-6893,HoneyDew,أبو داوود-كانو,68.558433,104.460780
01818123,001-513-893-5100x07078,Navy,العليان-المشاولة,-22.064246,7.284423
33874548,547-436-6559,Beige,"الراشد, آل علي and حنبولي",-87.0308055,-174.768345
41080610,001-924-952-5851x1127,DarkTurquoise,"فصيل, آل صفوان and الراشد",-54.774550,154.670109
48073233,(166)601-7321x44227,DarkSeaGreen,كانو-المشاولة,17.921501,-6.003969
95139364,923.830.0318x80844,LightCyan,"الجفالي, العجلان and آل علي",17.512090,68.407665
09969643,832-481-7959x1804,Azure,"الجابر, مهنا and آل عطفة",-25.731457,-52.043600
84658555,6586125449,FireBrick,"آل عايض, المشاولة and آل خضير",-9.391034,24.738499
47460461,952.638.3891x3676,Coral,أبو داوود-مهنا,-62.7550845,100.209550
27105634,(820)897-6407x496,LightSalmon,آل صفوان-العجلان,-40.746925,23.213910
44454760,(666)314-6839x9810,Beige,آل عايض-الدباغ,42.540277,-110.239598
79530910,276.972.2912,NavajoWhite,"آل صفوان, آل بن ظافر and آل عطفة",-54.0107835,-68.825312
15937971,495-609-6981,MediumSpringGreen,مهنا-الشايع,19.9251285,80.952648
56769791,566.394.0657,DarkSlateGray,المغاولة PLC,-21.982960,157.708507
21739156,001-900-315-0348x89311,Linen,بقشان Ltd,19.688216,-8.195735
44022235,(844)433-8407x1048,AntiqueWhite,"بن لادن, العجلان and آل قصير",67.922430,-147.241011
72705735,001-518-097-3859,BurlyWood,آل حسين-الخرافي,-67.8671025,109.186875
43703982,001-098-305-3285,Chocolate,"آل مقطة, آل حسين and الشايع",-33.301476,22.665348
70996494,001-985-872-9298x14096,Gray,الخرافي PLC,37.8257355,-131.229175
81747405,(992)859-3065,SlateGray,"آل حسين, الحجار and فصيل",-23.680416,95.132229
24499057,171-088-7347,DarkSeaGreen,آل سلطان-بن لادن,-6.556115,70.348881
75162351,250.452.0191x03989,AliceBlue,المهنا-آل عطفة,-47.3968095,-169.131743
55294164,878.928.6331x618,Blue,"آل عايض, الحجار and آل خضير",61.260545,-85.526571
86506601,(859)936-1825,LightBlue,"آل عطفة, آل خضير and آل عطفة",-20.2480975,106.811449
55266086,+1-842-276-3060,PaleGoldenRod,"فصيل, آل بن ظافر and فصيل",38.0162935,114.625394
56441741,001-689-088-6611x3745,LightBlue,المشاولة Group,86.8312295,-125.919193
82811044,404.428.0365,Olive,آل صفوان LLC,82.369822,-113.749307
82790790,+1-884-183-0602x66861,Salmon,آل مقطة-آل خضير,-24.1267235,-119.027754
11102236,001-726-131-8495x041,AntiqueWhite,الجفالي-الحكير,62.781339,22.760400
76650741,(373)151-7317x228,PeachPuff,"حنبولي, آل عواض and أبا الخيل",83.0450555,32.396021
74656257,(985)686-7536,Blue,آل محمد بن علي بن جماز-آل العسكري,12.6257315,-80.688786
07714658,382.382.7476x422,Bisque,آل خضير-العقيل,-17.9712985,-26.689280
23671683,936.246.2440,SteelBlue,"آل عايض, الخرافي and المغاولة",84.1149225,157.069801
62380560,+1-942-871-2215,DarkGray,"آل الشيخ, حنبولي and العقيل",63.5945615,8.168789
04675914,(527)842-3260,DarkSlateGray,آل جعفر PLC,-25.7997015,87.197203
80157069,531-825-8874x03032,MintCream,"آل عواض, بن لادن and فصيل",24.755889,-172.900980
28224112,(053)137-1078,DarkCyan,الجابر Ltd,67.5571075,-108.789281
99533243,887.434.2767x29460,MediumOrchid,مهنا-آل محمد بن علي بن جماز,-72.981693,128.750283
08037206,632-496-4558,PowderBlue,أبو داوود Inc,-10.685475,31.861316
56244649,001-787-698-2610,Orchid,"مهنا, الخرافي and الخرافي",66.331412,-5.339304
71185408,6019305862,Azure,آل جعفر Group,6.7636195,-20.760170
49729450,(751)278-4960x7612,Blue,آل عايض-آل جعفر,-64.3535775,48.936515
68253776,+1-481-762-8500x316,Ivory,آل معيض PLC,-66.300692,-137.844382
81112449,(828)540-9482x97958,DarkKhaki,آل خضير Ltd,1.207257,29.010756
00995511,368-206-9979x164,Moccasin,"المشاولة, آل خضير and الحجار",-47.600100,17.572405
43149902,(388)420-1821x8904,Brown,الدباغ-آل جعفر,-15.2550325,122.749189
16694156,(152)609-4517x68647,GreenYellow,"شربتلي, آل علي and العليان",86.632243,12.527745
82930226,+1-936-745-6365x4532,SlateBlue,آل عايض-الجفالي,-68.5707985,-145.915157
58608340,+1-140-214-6323x88823,Olive,العجلان and Sons,-46.490803,-54.972641
02306346,001-086-429-7326,LightGoldenRodYellow,"الجابر, الحكير and آل عطفة",-81.9001595,147.042938
06083410,430-646-4083x4336,RosyBrown,"آل الشيخ, العليان and آل عايض",80.0607785,5.556150
26232140,629-008-7802,Coral,"المهنا, آل علي and المهنا",-84.993259,-164.198992
34792148,001-959-135-9697x35479,Turquoise,آل علي and Sons,-37.7036965,164.284055
80562177,129-803-4066x36640,MistyRose,آل عطفة-الراشد,-14.191588,50.002013
63600124,+1-818-264-9762x4283,MediumAquaMarine,العجلان Inc,-80.2548995,140.812287
62492447,+1-330-842-3122x5430,MediumPurple,"الشايع, المشاولة and آل خضير",-72.4784555,-60.873953
01744958,(818)148-4901,GoldenRod,أبو داوود and Sons,46.333102,81.486179
59726968,519-486-7617x1713,DarkCyan,"أبو داوود, الجفالي and آل سعود",86.0740475,-166.741753
90089701,(234)121-3708,DarkGray,آل صفوان-المشاولة,7.5052005,-91.957428
71281421,(650)969-6368x3358,DarkSlateBlue,"الدباغ, المهيدب and الحكير",-45.4236495,-112.553007
50501793,001-065-957-4698x8289,PapayaWhip,بن لادن-بقشان,-71.1994645,124.310792
63807554,0929201163,Tomato,شربتلي Ltd,-21.1369725,-178.441280
94452006,001-266-832-8213,DarkSeaGreen,حجار and Sons,-15.6758825,-157.860746
04847816,(894)549-2370x40594,DarkRed,حجار and Sons,-78.904696,92.095476
26188607,316-240-7717x9935,Lavender,"المهنا, كانو and المهيدب",-20.6495885,-111.102445
75861025,594-655-4525x12168,Chocolate,"آل الشيخ, المغاولة and آل سلطان",-5.664978,-128.815946
25560992,940-767-0542,PapayaWhip,"آل محمد بن علي بن جماز, المهيدب and آل عواض",-58.610733,-72.315081
97586159,001-032-991-6493,DarkRed,"كانو, المغاولة and آل بن ظافر",-20.7683305,-163.282343
97984474,018-447-0587x280,BlanchedAlmond,آل سعود-شربتلي,32.868496,-62.643300
54987593,800.238.2830x530,SaddleBrown,الشايع PLC,0.870047,-5.793075
